{
  "GAS ALAM": [
    {
      "Faktur": 2302000001.0,
      "Tanggal": "2023-02-01T00:00:00",
      "NAMA TOKO": null,
      "Nama Barang": "SAMSUNG A04 4/64GB",
      "Imei": "358320682535810",
      "Qty": 1.0,
      "Penjualan": 1649000.0,
      "Id Pelanggan": "cash dika",
      "Pelanggan": "dika",
      "Staff": "LEILA FITRIAH",
      "Merchant": null,
      "Tipe Bayar ": "Cash",
      "Jumlah Bayar ": 1649000.0,
      "KETERANGAN": "TRANSFER PT"
    },
    {
      "Faktur": 2302000003.0,
      "Tanggal": "2023-02-02T00:00:00",
      "NAMA TOKO": null,
      "Nama Barang": "OASE Cable 200cm Micro MD-M7",
      "Imei": "MLP100103",
      "Qty": 1.0,
      "Penjualan": 40000.0,
      "Id Pelanggan": "maulana",
      "Pelanggan": "maulana",
      "Staff": "ALSYA RISMADANI",
      "Merchant": null,
      "Tipe Bayar ": "Cash",
      "Jumlah Bayar ": 40000.0,
      "KETERANGAN": "TRANSFER PT"
    },
    {
      "Faktur": 2302000004.0,
      "Tanggal": "2023-02-02T00:00:00",
      "NAMA TOKO": null,
      "Nama Barang": "OPPO ENCO BUDS 2",
      "Imei": "R6672496CA8012E3W",
      "Qty": 1.0,
      "Penjualan": 0.0,
      "Id Pelanggan": "1675249261",
      "Pelanggan": "deny risdianto",
      "Staff": "ALSYA RISMADANI",
      "Merchant": "barcode",
      "Tipe Bayar ": "Piutang",
      "Jumlah Bayar ": 6098000.0,
      "KETERANGAN": "-"
    },
  
    {
      "Faktur": 2302000023.0,
      "Tanggal": "2023-02-05T00:00:00",
      "NAMA TOKO": null,
      "Nama Barang": "OPPO A17 4/64GB",
      "Imei": "868852062740159",
      "Qty": 1.0,
      "Penjualan": 2099000.0,
      "Id Pelanggan": "1675600142",
      "Pelanggan": "RINI ANGGRAENI YUSUF",
      "Staff": "LEILA FITRIAH",
      "Merchant": "BARCODE",
      "Tipe Bayar ": "Piutang",
      "Jumlah Bayar ": 2099000.0,
      "KETERANGAN": "-"
    },
    {
      "Faktur": 2302000024.0,
      "Tanggal": "2023-02-05T00:00:00",
      "NAMA TOKO": null,
      "Nama Barang": "MOTOR LISTRILK U-WINFLY DF7",
      "Imei": "MLP100478",
      "Qty": 1.0,
      "Penjualan": 4800000.0,
      "Id Pelanggan": "4300217184",
      "Pelanggan": "AKBAR NUR",
      "Staff": "ALSYA RISMADANI",
      "Merchant": "POLO",
      "Tipe Bayar ": "Piutang",
      "Jumlah Bayar ": 5000000.0,
      "KETERANGAN": "-"
    },
 
    {
      "Faktur": 2302000025.0,
      "Tanggal": "2023-02-05T00:00:00",
      "NAMA TOKO": null,
      "Nama Barang": "MOTOR LISTRIK U-WINFLY KITTY",
      "Imei": "MLP100488",
      "Qty": 1.0,
      "Penjualan": 8899000.0,
      "Id Pelanggan": "ARIEF",
      "Pelanggan": "ARIEF FACHMI",
      "Staff": "ALSYA RISMADANI",
      "Merchant": null,
      "Tipe Bayar ": "Cash",
      "Jumlah Bayar ": 8899000.0,
      "KETERANGAN": "TRANSFER PT"
    },
    {
      "Faktur": 2302000026.0,
      "Tanggal": "2023-02-06T00:00:00",
      "NAMA TOKO": null,
      "Nama Barang": "OPPO A77S 8/128GB",
      "Imei": "864997066915515",
      "Qty": 1.0,
      "Penjualan": 3499000.0,
      "Id Pelanggan": "6-02326436-3",
      "Pelanggan": "nadia",
      "Staff": "LEILA FITRIAH",
      "Merchant": "polo",
      "Tipe Bayar ": "Piutang",
      "Jumlah Bayar ": 3699000.0,
      "KETERANGAN": "-"
    },
   

    {
      "Faktur": 2302000028.0,
      "Tanggal": "2023-02-06T00:00:00",
      "NAMA TOKO": null,
      "Nama Barang": "OPPO A17K 3/64GB",
      "Imei": "862645069146271",
      "Qty": 1.0,
      "Penjualan": 1799000.0,
      "Id Pelanggan": "1675672137",
      "Pelanggan": "jundi bastian",
      "Staff": "LEILA FITRIAH",
      "Merchant": "barcode",
      "Tipe Bayar ": "Piutang",
      "Jumlah Bayar ": 1999000.0,
      "KETERANGAN": "-"
    },
 
    {
      "Faktur": 2302000029.0,
      "Tanggal": "2023-02-06T00:00:00",
      "NAMA TOKO": null,
      "Nama Barang": "OPPO Reno 8 4G 8/256GB",
      "Imei": "860483064274530",
      "Qty": 1.0,
      "Penjualan": 4999000.0,
      "Id Pelanggan": "1675674595",
      "Pelanggan": "HENY",
      "Staff": "ALSYA RISMADANI",
      "Merchant": "BARCODE",
      "Tipe Bayar ": "Piutang",
      "Jumlah Bayar ": 4999000.0,
      "KETERANGAN": "-"
    },
    {
      "Faktur": 2302000030.0,
      "Tanggal": "2023-02-06T00:00:00",
      "NAMA TOKO": null,
      "Nama Barang": "MOTOR LISTRILK U-WINFLY DF7",
      "Imei": "MLP100478",
      "Qty": 1.0,
      "Penjualan": 4800000.0,
      "Id Pelanggan": "283584002",
      "Pelanggan": "OKTAVIANI",
      "Staff": "LEILA FITRIAH",
      "Merchant": "BARCODE",
      "Tipe Bayar ": "Piutang",
      "Jumlah Bayar ": 4560000.0,
      "KETERANGAN": "-"
    },
  
    {
      "Faktur": 2302000031.0,
      "Tanggal": "2023-02-06T00:00:00",
      "NAMA TOKO": null,
      "Nama Barang": "XIAOMI REDMI 10C 4/128GB",
      "Imei": "866389061905469",
      "Qty": 1.0,
      "Penjualan": 1999000.0,
      "Id Pelanggan": "DEWA CASH",
      "Pelanggan": "DEWA",
      "Staff": "MUHAMMAD ALIF VAREZA",
      "Merchant": null,
      "Tipe Bayar ": "Cash",
      "Jumlah Bayar ": 1999000.0,
      "KETERANGAN": "TRANSFER PT"
    },
    {
      "Faktur": 2302000032.0,
      "Tanggal": "2023-02-07T00:00:00",
      "NAMA TOKO": null,
      "Nama Barang": "SAMSUNG A04E 3/32GB",
      "Imei": "352129773812772",
      "Qty": 1.0,
      "Penjualan": 1399000.0,
      "Id Pelanggan": "1675751772",
      "Pelanggan": "wahyudin munazar",
      "Staff": "LEILA FITRIAH",
      "Merchant": "barcode",
      "Tipe Bayar ": "Piutang",
      "Jumlah Bayar ": 1399000.0,
      "KETERANGAN": "-"
    },
    {
      "Faktur": 2302000033.0,
      "Tanggal": "2023-02-07T00:00:00",
      "NAMA TOKO": null,
      "Nama Barang": "OPPO A77S 8/128GB",
      "Imei": "864997066923311",
      "Qty": 1.0,
      "Penjualan": 3499000.0,
      "Id Pelanggan": "6-02327051-1",
      "Pelanggan": "udi rusliadi",
      "Staff": "ALSYA RISMADANI",
      "Merchant": "polo",
      "Tipe Bayar ": "Piutang",
      "Jumlah Bayar ": 3899000.0,
      "KETERANGAN": "-"
    },
      {
      "Faktur": 2302000035.0,
      "Tanggal": "2023-02-09T00:00:00",
      "NAMA TOKO": null,
      "Nama Barang": "MP PROTECT 3 BULAN",
      "Imei": "MLP100406",
      "Qty": 1.0,
      "Penjualan": 200000.0,
      "Id Pelanggan": "1675930664",
      "Pelanggan": "HARSANTO",
      "Staff": "LEILA FITRIAH",
      "Merchant": "BARCODE",
      "Tipe Bayar ": "Piutang",
      "Jumlah Bayar ": 5199000.0,
      "KETERANGAN": "-"
    },
  
    {
      "Faktur": 2302000036.0,
      "Tanggal": "2023-02-10T00:00:00",
      "NAMA TOKO": null,
      "Nama Barang": "VIVAN BWM100 USB CABLE ANDROID",
      "Imei": "MLP100195",
      "Qty": 1.0,
      "Penjualan": 35000.0,
      "Id Pelanggan": "cash dikaa",
      "Pelanggan": "dika",
      "Staff": "ALSYA RISMADANI",
      "Merchant": null,
      "Tipe Bayar ": "Cash",
      "Jumlah Bayar ": 65000.0,
      "KETERANGAN": "TRANSFER PT"
    },

    {
      "Faktur": 2302000038.0,
      "Tanggal": "2023-02-10T00:00:00",
      "NAMA TOKO": null,
      "Nama Barang": "MP PROTECT 3 BULAN",
      "Imei": "MLP100406",
      "Qty": 1.0,
      "Penjualan": 200000.0,
      "Id Pelanggan": "1675955793",
      "Pelanggan": "arief  wirawan",
      "Staff": "LEILA FITRIAH",
      "Merchant": "barcode",
      "Tipe Bayar ": "Piutang",
      "Jumlah Bayar ": 3699000.0,
      "KETERANGAN": "-"
    },

  
    {
      "Faktur": 2302000039.0,
      "Tanggal": "2023-02-11T00:00:00",
      "NAMA TOKO": null,
      "Nama Barang": "XIAOMI REDMI A1 3/32GB",
      "Imei": "869724061962622",
      "Qty": 1.0,
      "Penjualan": 1299000.0,
      "Id Pelanggan": "10820353884745",
      "Pelanggan": "NYAMAN",
      "Staff": "LEILA FITRIAH",
      "Merchant": "MILA MEDIA",
      "Tipe Bayar ": "Piutang",
      "Jumlah Bayar ": 1549000.0,
      "KETERANGAN": "-"
    },
 
    {
      "Faktur": 2302000040.0,
      "Tanggal": "2023-02-12T00:00:00",
      "NAMA TOKO": null,
      "Nama Barang": "REALME 10 PRO+ 12/256GB",
      "Imei": "863837060177798",
      "Qty": 1.0,
      "Penjualan": 6999000.0,
      "Id Pelanggan": "6-0232744-2",
      "Pelanggan": "herlan",
      "Staff": "ALSYA RISMADANI",
      "Merchant": "polo",
      "Tipe Bayar ": "Piutang",
      "Jumlah Bayar ": 7299000.0,
      "KETERANGAN": "-"
    },
 
   
    {
      "Faktur": 2302000041.0,
      "Tanggal": "2023-02-12T00:00:00",
      "NAMA TOKO": null,
      "Nama Barang": "REXI DATA CABLE TYPE C TC20-C",
      "Imei": "MLP100368",
      "Qty": 2.0,
      "Penjualan": 30000.0,
      "Id Pelanggan": "AUDIT",
      "Pelanggan": "AUDIT",
      "Staff": null,
      "Merchant": null,
      "Tipe Bayar ": "Cash",
      "Jumlah Bayar ": 30000.0,
      "KETERANGAN": "POTONG GAJI"
    },
    {
      "Faktur": 2302000042.0,
      "Tanggal": "2023-02-14T00:00:00",
      "NAMA TOKO": null,
      "Nama Barang": "REALME 10 8/128GB",
      "Imei": "862317061598616",
      "Qty": 1.0,
      "Penjualan": 3199000.0,
      "Id Pelanggan": "cash dian",
      "Pelanggan": "DIAN",
      "Staff": "ALSYA RISMADANI",
      "Merchant": null,
      "Tipe Bayar ": "Cash",
      "Jumlah Bayar ": 3199000.0,
      "KETERANGAN": "TRANSFER PT"
    },
    {
      "Faktur": 2302000043.0,
      "Tanggal": "2023-02-14T00:00:00",
      "NAMA TOKO": null,
      "Nama Barang": "REALME 10 8/128GB",
      "Imei": "862317061485418",
      "Qty": 1.0,
      "Penjualan": 3049000.0,
      "Id Pelanggan": "CASH ENI",
      "Pelanggan": "ENI",
      "Staff": "LEILA FITRIAH",
      "Merchant": null,
      "Tipe Bayar ": "Cash",
      "Jumlah Bayar ": 3049000.0,
      "KETERANGAN": "TRANSFER PT"
    },
    {
      "Faktur": 2302000045.0,
      "Tanggal": "2023-02-15T00:00:00",
      "NAMA TOKO": null,
      "Nama Barang": "OPPO A77S 8/128GB",
      "Imei": "864997067610412",
      "Qty": 1.0,
      "Penjualan": 3499000.0,
      "Id Pelanggan": "CASH DINDA",
      "Pelanggan": "DINDA",
      "Staff": "ALSYA RISMADANI",
      "Merchant": null,
      "Tipe Bayar ": "Cash",
      "Jumlah Bayar ": 3499000.0,
      "KETERANGAN": "TRANSFER PT"
    },
    {
      "Faktur": 2302000047.0,
      "Tanggal": "2023-02-15T00:00:00",
      "NAMA TOKO": null,
      "Nama Barang": "REALME C35 4/64GB",
      "Imei": "865895067239597",
      "Qty": 1.0,
      "Penjualan": 2299000.0,
      "Id Pelanggan": "CASH RISAL",
      "Pelanggan": "RISAL",
      "Staff": "ALSYA RISMADANI",
      "Merchant": null,
      "Tipe Bayar ": "Cash",
      "Jumlah Bayar ": 2299000.0,
      "KETERANGAN": "TRANSFER PT"
    },
    {
      "Faktur": 2302000049.0,
      "Tanggal": "2023-02-15T00:00:00",
      "NAMA TOKO": null,
      "Nama Barang": "XIAOMI REDMI A1 3/32GB",
      "Imei": "869724062514448",
      "Qty": 1.0,
      "Penjualan": 1299000.0,
      "Id Pelanggan": "CASH WARYONO",
      "Pelanggan": "WARYONO",
      "Staff": "SITI FARIAH",
      "Merchant": null,
      "Tipe Bayar ": "Cash",
      "Jumlah Bayar ": 1299000.0,
      "KETERANGAN": "TRANSFER PT"
    },
    {
      "Faktur": 2302000050.0,
      "Tanggal": "2023-02-15T00:00:00",
      "NAMA TOKO": null,
      "Nama Barang": "OASE Hydrogel Screen Protector",
      "Imei": "MLP100114",
      "Qty": 1.0,
      "Penjualan": 50000.0,
      "Id Pelanggan": "CASH RIZAL",
      "Pelanggan": "RIZAL",
      "Staff": "ALSYA RISMADANI",
      "Merchant": null,
      "Tipe Bayar ": "Cash",
      "Jumlah Bayar ": 50000.0,
      "KETERANGAN": "TRANSFER PT"
    },
    {
      "Faktur": 2302000054.0,
      "Tanggal": "2023-02-16T00:00:00",
      "NAMA TOKO": null,
      "Nama Barang": "MOTOR LISTRIK U-WINFLY LN",
      "Imei": "MLP100496",
      "Qty": 1.0,
      "Penjualan": 9000000.0,
      "Id Pelanggan": "ANTO",
      "Pelanggan": "ANTO",
      "Staff": "ALSYA RISMADANI",
      "Merchant": null,
      "Tipe Bayar ": "Cash",
      "Jumlah Bayar ": 9000000.0,
      "KETERANGAN": "TRANSFER PT"
    },
 
    {
      "Faktur": 2302000055.0,
      "Tanggal": "2023-02-16T00:00:00",
      "NAMA TOKO": null,
      "Nama Barang": "MOTOR LISTRIK U-WINFLY GN",
      "Imei": "MLP100503",
      "Qty": 1.0,
      "Penjualan": 9931000.0,
      "Id Pelanggan": "4300274819",
      "Pelanggan": "BAHRIN YASFIN",
      "Staff": "LEILA FITRIAH",
      "Merchant": "POLO",
      "Tipe Bayar ": "Piutang",
      "Jumlah Bayar ": 6931000.0,
      "KETERANGAN": "-"
    },
 
    {
      "Faktur": 2302000056.0,
      "Tanggal": "2023-02-16T00:00:00",
      "NAMA TOKO": null,
      "Nama Barang": "OLIKE SMARTWATCH W12",
      "Imei": "MLP100420",
      "Qty": 1.0,
      "Penjualan": 0.0,
      "Id Pelanggan": "12124643891",
      "Pelanggan": "MUHAMMAD ILYAS",
      "Staff": "LEILA FITRIAH",
      "Merchant": "TRAVELOKA PAYLATE",
      "Tipe Bayar ": "Piutang",
      "Jumlah Bayar ": 4999000.0,
      "KETERANGAN": "-"
    },
   
    {
      "Faktur": 2302000057.0,
      "Tanggal": "2023-02-16T00:00:00",
      "NAMA TOKO": null,
      "Nama Barang": "OPPO A17 4/64GB",
      "Imei": "868852062927194",
      "Qty": 1.0,
      "Penjualan": 2099000.0,
      "Id Pelanggan": "9898131457",
      "Pelanggan": "ADE HEREMAWATI",
      "Staff": "ALSYA RISMADANI",
      "Merchant": "BARCODE",
      "Tipe Bayar ": "Piutang",
      "Jumlah Bayar ": 2280000.0,
      "KETERANGAN": null
    },
   
    {
      "Faktur": 2302000058.0,
      "Tanggal": "2023-02-16T00:00:00",
      "NAMA TOKO": null,
      "Nama Barang": "XIAOMI REDMI A1 2/32GB",
      "Imei": "866681063496467",
      "Qty": 1.0,
      "Penjualan": 1199000.0,
      "Id Pelanggan": "1676546695",
      "Pelanggan": "HASAN SANI",
      "Staff": "ALSYA RISMADANI",
      "Merchant": "BARCODE",
      "Tipe Bayar ": "Piutang",
      "Jumlah Bayar ": 940000.0,
      "KETERANGAN": null
    },
      {
      "Faktur": 2302000060.0,
      "Tanggal": "2023-02-18T00:00:00",
      "NAMA TOKO": null,
      "Nama Barang": "REALME C30 2/32GB",
      "Imei": "868139060813570",
      "Qty": 1.0,
      "Penjualan": 1199000.0,
      "Id Pelanggan": "ratna",
      "Pelanggan": "ratna",
      "Staff": "ALSYA RISMADANI",
      "Merchant": null,
      "Tipe Bayar ": "Cash",
      "Jumlah Bayar ": 1199000.0,
      "KETERANGAN": "TRANSFER PT"
    },
    {
      "Faktur": 2302000061.0,
      "Tanggal": "2023-02-18T00:00:00",
      "NAMA TOKO": null,
      "Nama Barang": "SAMSUNG A04E 3/32GB",
      "Imei": "352129773807673",
      "Qty": 1.0,
      "Penjualan": 1399000.0,
      "Id Pelanggan": "desy",
      "Pelanggan": "desy",
      "Staff": "SITI FARIAH",
      "Merchant": null,
      "Tipe Bayar ": "Cash",
      "Jumlah Bayar ": 1399000.0,
      "KETERANGAN": "TRANSFER PT"
    },
    {
      "Faktur": 2302000062.0,
      "Tanggal": "2023-02-18T00:00:00",
      "NAMA TOKO": null,
      "Nama Barang": "REXI HEANDSFREE ES01",
      "Imei": "MLP100164",
      "Qty": 1.0,
      "Penjualan": 15000.0,
      "Id Pelanggan": "yana",
      "Pelanggan": "yana",
      "Staff": "ALSYA RISMADANI",
      "Merchant": null,
      "Tipe Bayar ": "Cash",
      "Jumlah Bayar ": 40000.0,
      "KETERANGAN": "TRANSFER PT"
    },
    {
      "Faktur": 2302000063.0,
      "Tanggal": "2023-02-19T00:00:00",
      "NAMA TOKO": null,
      "Nama Barang": "MOTOR LISTRIK U-WINFLY V7",
      "Imei": "MLP100515",
      "Qty": 1.0,
      "Penjualan": 13000000.0,
      "Id Pelanggan": "cash molis",
      "Pelanggan": "achmad solechan",
      "Staff": "LEILA FITRIAH",
      "Merchant": null,
      "Tipe Bayar ": "Cash",
      "Jumlah Bayar ": 13000000.0,
      "KETERANGAN": "TRANSFER PT"
    },
    {
      "Faktur": 2302000064.0,
      "Tanggal": "2023-02-19T00:00:00",
      "NAMA TOKO": null,
      "Nama Barang": "OASE Hydrogel Screen Protector",
      "Imei": "MLP100114",
      "Qty": 1.0,
      "Penjualan": 50000.0,
      "Id Pelanggan": "yanti",
      "Pelanggan": "yanti",
      "Staff": "ALSYA RISMADANI",
      "Merchant": null,
      "Tipe Bayar ": "Cash",
      "Jumlah Bayar ": 50000.0,
      "KETERANGAN": "TRANSFER PT"
    },
    {
      "Faktur": 2302000065.0,
      "Tanggal": "2023-02-20T00:00:00",
      "NAMA TOKO": null,
      "Nama Barang": "SAMSUNG A04E 3/32GB",
      "Imei": "352129775815872",
      "Qty": 1.0,
      "Penjualan": 1399000.0,
      "Id Pelanggan": "02671106",
      "Pelanggan": "UTAMI ARI LAKSONO",
      "Staff": "ALSYA RISMADANI",
      "Merchant": null,
      "Tipe Bayar ": "Piutang",
      "Jumlah Bayar ": 1282500.0,
      "KETERANGAN": "-"
    },
     {
      "Faktur": 2302000068.0,
      "Tanggal": "2023-02-21T00:00:00",
      "NAMA TOKO": null,
      "Nama Barang": "MOTOR LISTRIK U-WINFLY DF8",
      "Imei": "MLP100552",
      "Qty": 1.0,
      "Penjualan": 5999000.0,
      "Id Pelanggan": "po00004379",
      "Pelanggan": "EKO MURYANTO",
      "Staff": "ALSYA RISMADANI",
      "Merchant": "polo",
      "Tipe Bayar ": "Piutang",
      "Jumlah Bayar ": 5547000.0,
      "KETERANGAN": "-"
    },
     {
      "Faktur": 2302000069.0,
      "Tanggal": "2023-02-21T00:00:00",
      "NAMA TOKO": null,
      "Nama Barang": "INFINIX SMART 6 2/32GB NFC",
      "Imei": "357101831774182",
      "Qty": 1.0,
      "Penjualan": 1299000.0,
      "Id Pelanggan": "1676959473",
      "Pelanggan": "DWI ARDIKA",
      "Staff": "ALSYA RISMADANI",
      "Merchant": "BARCODE SELLER",
      "Tipe Bayar ": "Piutang",
      "Jumlah Bayar ": 1400000.0,
      "KETERANGAN": "-"
    },
    {
      "Faktur": 2302000070.0,
      "Tanggal": "2023-02-21T00:00:00",
      "NAMA TOKO": null,
      "Nama Barang": "OPPO A17K 3/64GB",
      "Imei": "862645069320595",
      "Qty": 1.0,
      "Penjualan": 1799000.0,
      "Id Pelanggan": "1676984487",
      "Pelanggan": "YOGITA MAHERDHA",
      "Staff": "ALSYA RISMADANI",
      "Merchant": "BARCODE SELLER",
      "Tipe Bayar ": "Piutang",
      "Jumlah Bayar ": 1500000.0,
      "KETERANGAN": "-"
    },
       {
      "Faktur": 2302000071.0,
      "Tanggal": "2023-02-22T00:00:00",
      "NAMA TOKO": null,
      "Nama Barang": "SAMSUNG A03 Core 2/32GB",
      "Imei": "352617379937910",
      "Qty": 1.0,
      "Penjualan": 1199000.0,
      "Id Pelanggan": "cash fahrezi",
      "Pelanggan": "FAHREZI",
      "Staff": "ALSYA RISMADANI",
      "Merchant": null,
      "Tipe Bayar ": "Cash",
      "Jumlah Bayar ": 1199000.0,
      "KETERANGAN": "TRANSFER PT"
    },
    {
      "Faktur": 2302000072.0,
      "Tanggal": "2023-02-22T00:00:00",
      "NAMA TOKO": null,
      "Nama Barang": "OPPO A57 4/128GB",
      "Imei": "860625065256110",
      "Qty": 1.0,
      "Penjualan": 2699000.0,
      "Id Pelanggan": "1677060066",
      "Pelanggan": "AZHARI MADJID",
      "Staff": "ALSYA RISMADANI",
      "Merchant": "BARCODE SELLER",
      "Tipe Bayar ": "Piutang",
      "Jumlah Bayar ": 3099000.0,
      "KETERANGAN": "-"
    },

    {
      "Faktur": 2302000073.0,
      "Tanggal": "2023-02-22T00:00:00",
      "NAMA TOKO": null,
      "Nama Barang": "OASE Hydrogel Screen Protector",
      "Imei": "MLP100114",
      "Qty": 1.0,
      "Penjualan": 50000.0,
      "Id Pelanggan": "CASH SINTA",
      "Pelanggan": "SINTA",
      "Staff": "ALSYA RISMADANI",
      "Merchant": null,
      "Tipe Bayar ": "Cash",
      "Jumlah Bayar ": 50000.0,
      "KETERANGAN": "TRANSFER PT"
    },
    {
      "Faktur": 2302000074.0,
      "Tanggal": "2023-02-22T00:00:00",
      "NAMA TOKO": null,
      "Nama Barang": "ITEL A49 2/32GB",
      "Imei": "355889660837045",
      "Qty": 1.0,
      "Penjualan": 1049000.0,
      "Id Pelanggan": "ABI",
      "Pelanggan": "ABI",
      "Staff": "SITI FARIAH",
      "Merchant": null,
      "Tipe Bayar ": "Cash",
      "Jumlah Bayar ": 1049000.0,
      "KETERANGAN": "TRANSFER PT"
    },
    {
      "Faktur": 2302000075.0,
      "Tanggal": "2023-02-24T00:00:00",
      "NAMA TOKO": null,
      "Nama Barang": "OPPO A76 6/128GB",
      "Imei": "868167065658518",
      "Qty": 1.0,
      "Penjualan": 2999000.0,
      "Id Pelanggan": "nur",
      "Pelanggan": "nur",
      "Staff": "LEILA FITRIAH",
      "Merchant": null,
      "Tipe Bayar ": "Cash",
      "Jumlah Bayar ": 2999000.0,
      "KETERANGAN": "TRANSFER PT"
    },
    {
      "Faktur": 2302000076.0,
      "Tanggal": "2023-02-25T00:00:00",
      "NAMA TOKO": null,
      "Nama Barang": "OPPO A57 4/64GB",
      "Imei": "860625064968756",
      "Qty": 1.0,
      "Penjualan": 2399000.0,
      "Id Pelanggan": "50621049060141",
      "Pelanggan": "IMAM SUPRAPTO",
      "Staff": "ALSYA RISMADANI",
      "Merchant": "MILA MEDIA",
      "Tipe Bayar ": "Piutang",
      "Jumlah Bayar ": 3496300.0,
      "KETERANGAN": "-"
    },
    {
      "Faktur": 2302000077.0,
      "Tanggal": "2023-02-25T00:00:00",
      "NAMA TOKO": null,
      "Nama Barang": "OPPO A17K 3/64GB",
      "Imei": "862645069765591",
      "Qty": 1.0,
      "Penjualan": 1799000.0,
      "Id Pelanggan": "250909436081388",
      "Pelanggan": "LISDAWATI",
      "Staff": "ALSYA RISMADANI",
      "Merchant": "MILA MEDIA",
      "Tipe Bayar ": "Piutang",
      "Jumlah Bayar ": 1799000.0,
      "KETERANGAN": "-"
    },
    {
      "Faktur": 2302000078.0,
      "Tanggal": "2023-02-25T00:00:00",
      "NAMA TOKO": null,
      "Nama Barang": "LAPTOP ASUS BR1100CK",
      "Imei": "MLP100555",
      "Qty": 1.0,
      "Penjualan": 3799000.0,
      "Id Pelanggan": "1677146458",
      "Pelanggan": "siti suryati",
      "Staff": "LEILA FITRIAH",
      "Merchant": "barcode",
      "Tipe Bayar ": "Piutang",
      "Jumlah Bayar ": 3350000.0,
      "KETERANGAN": "-"
    },
      {
      "Faktur": 2302000081.0,
      "Tanggal": "2023-02-27T00:00:00",
      "NAMA TOKO": null,
      "Nama Barang": "XIAOMI REDMI NOTE 11 PRO 5G 8/128GB",
      "Imei": "860677065882106",
      "Qty": 1.0,
      "Penjualan": 4199000.0,
      "Id Pelanggan": "1677328931",
      "Pelanggan": "muhamad fiqri",
      "Staff": "LEILA FITRIAH",
      "Merchant": "barcode",
      "Tipe Bayar ": "Piutang",
      "Jumlah Bayar ": 2350000.0,
      "KETERANGAN": "-"
    },

    {
      "Faktur": 2302000082.0,
      "Tanggal": "2023-02-27T00:00:00",
      "NAMA TOKO": null,
      "Nama Barang": "INFINIX ZERO 5G 2023 8/256GB",
      "Imei": "353350600272449",
      "Qty": 1.0,
      "Penjualan": 3699000.0,
      "Id Pelanggan": "34586646529",
      "Pelanggan": "eka puji rahayu",
      "Staff": "LEILA FITRIAH",
      "Merchant": "barcode",
      "Tipe Bayar ": "Piutang",
      "Jumlah Bayar ": 3699000.0,
      "KETERANGAN": "-"
    },
    {
      "Faktur": 2302000083.0,
      "Tanggal": "2023-02-28T00:00:00",
      "NAMA TOKO": null,
      "Nama Barang": "OPPO A16 3/32GB",
      "Imei": "864136063020470",
      "Qty": 1.0,
      "Penjualan": 1529100.0,
      "Id Pelanggan": "MEMBER HENDRIK",
      "Pelanggan": "HENDRIK OPPO",
      "Staff": null,
      "Merchant": null,
      "Tipe Bayar ": "Cash",
      "Jumlah Bayar ": 8996400.0,
      "KETERANGAN": "TRANSFER PT"
    },
       {
      "Faktur": 2302000084.0,
      "Tanggal": "2023-02-28T00:00:00",
      "NAMA TOKO": null,
      "Nama Barang": "OLIKE SMARTWATCH W12",
      "Imei": "MLP100420",
      "Qty": 1.0,
      "Penjualan": 149000.0,
      "Id Pelanggan": "eka puji rahayu",
      "Pelanggan": "eka puji rahayu",
      "Staff": "LEILA FITRIAH",
      "Merchant": null,
      "Tipe Bayar ": "Cash",
      "Jumlah Bayar ": 149000.0,
      "KETERANGAN": "TRANSFER PT"
    }
  ],
  "PERMATA": [
    {
      "Faktur": 2302000001.0,
      "Tanggal": "2023-02-02T00:00:00",
      "Nama Barang": "SAMSUNG GALAXY A14 5G 6/128GB",
      "Imei": "351998830155669",
      "Warna": "RED",
      "Sat": "UNI",
      "Qty": 1.0,
      "Penjualan": 2850000.0,
      "Id Pelanggan": "SHAYNA",
      "Pelanggan": "SHAYNA",
      "Staff": "RAMADHAN MAULANA",
      "Merchant": null,
      "Tipe Bayar ": "Cash",
      "Jumlah Bayar ": 2850000.0,
      "Leasing": null,
      "STATUS SETORAN": "DONE",
      "KETERANGAN": "TRANSFER PT"
    },
    {
      "Faktur": 2302000002.0,
      "Tanggal": "2023-02-03T00:00:00",
      "Nama Barang": "SAMSUNG A04 4/64GB",
      "Imei": "358320683725832",
      "Warna": "-",
      "Sat": "UNI",
      "Qty": 1.0,
      "Penjualan": 1699000.0,
      "Id Pelanggan": "1175411918",
      "Pelanggan": "ROSIDAH",
      "Staff": "MOCHAMMAD SAMBA PUTRA",
      "Merchant": "BARCOD SELLER",
      "Tipe Bayar ": "Piutang",
      "Jumlah Bayar ": 1699000.0,
      "Leasing": "KREDIVO",
      "STATUS SETORAN": "-",
      "KETERANGAN": "-"
    },
    {
      "Faktur": 2302000003.0,
      "Tanggal": "2023-02-03T00:00:00",
      "Nama Barang": "SAMSUNG S21FE 8/256GB",
      "Imei": "355798870747219",
      "Warna": "GREEN",
      "Sat": "UNI",
      "Qty": 1.0,
      "Penjualan": 8500000.0,
      "Id Pelanggan": "DINI",
      "Pelanggan": "DINI",
      "Staff": null,
      "Merchant": null,
      "Tipe Bayar ": "Cash",
      "Jumlah Bayar ": 8500000.0,
      "Leasing": null,
      "STATUS SETORAN": "DONE",
      "KETERANGAN": "TRANSFER PT"
    },
    {
      "Faktur": 2302000004.0,
      "Tanggal": "2023-02-03T00:00:00",
      "Nama Barang": "SAMSUNG A04E 3/32GB",
      "Imei": "352129772574977",
      "Warna": "BLUE",
      "Sat": "UNI",
      "Qty": 1.0,
      "Penjualan": 1399000.0,
      "Id Pelanggan": "AHMAD DIRO",
      "Pelanggan": "AHMAD DIRO",
      "Staff": "MOCHAMAD SAMBA PUTRA",
      "Merchant": null,
      "Tipe Bayar ": "Cash",
      "Jumlah Bayar ": 1399000.0,
      "Leasing": null,
      "STATUS SETORAN": "DONE",
      "KETERANGAN": "TRANSFER PT"
    },
    {
      "Faktur": 2302000005.0,
      "Tanggal": "2023-02-04T00:00:00",
      "Nama Barang": "CASE SAMSUNG ORI 100K",
      "Imei": "MLP100524",
      "Warna": null,
      "Sat": "PCS",
      "Qty": 1.0,
      "Penjualan": 99000.0,
      "Id Pelanggan": "2302045B6ED4CY",
      "Pelanggan": "WAHIDIN",
      "Staff": null,
      "Merchant": "SHOPEE MILAPHONE SHOP",
      "Tipe Bayar ": "Piutang",
      "Jumlah Bayar ": 99000.0,
      "Leasing": "ONLINE SHOP",
      "STATUS SETORAN": "-",
      "KETERANGAN": "-"
    },
    {
      "Faktur": 2302000007.0,
      "Tanggal": "2023-02-04T00:00:00",
      "Nama Barang": "SAMSUNG GALAXY A14 5G 6/128GB",
      "Imei": "351998830414652",
      "Warna": "BLACK",
      "Sat": "UNI",
      "Qty": 1.0,
      "Penjualan": 2850000.0,
      "Id Pelanggan": "DINI",
      "Pelanggan": "DINI",
      "Staff": "SALSABILA MIFTAHUL ZANAH",
      "Merchant": null,
      "Tipe Bayar ": "Cash",
      "Jumlah Bayar ": 2850000.0,
      "Leasing": null,
      "STATUS SETORAN": "DONE",
      "KETERANGAN": "TRANSFER PT"
    },
    {
      "Faktur": 2302000008.0,
      "Tanggal": "2023-02-04T00:00:00",
      "Nama Barang": "OASE Hydrogel Screen Protector",
      "Imei": "MLP100114",
      "Warna": "-",
      "Sat": "PCS",
      "Qty": 1.0,
      "Penjualan": 50000.0,
      "Id Pelanggan": "IWAN",
      "Pelanggan": "IWAN",
      "Staff": "ERREN RAHMAT TRI SECAR",
      "Merchant": null,
      "Tipe Bayar ": "Debit Card",
      "Jumlah Bayar ": 1399000.0,
      "Leasing": "BCA",
      "STATUS SETORAN": "DONE",
      "KETERANGAN": 195138
    },
       {
      "Faktur": 2302000009.0,
      "Tanggal": "2023-02-04T00:00:00",
      "Nama Barang": "SAMSUNG GALAXY A14 5G 6/128GB",
      "Imei": "351998830164463",
      "Warna": "-",
      "Sat": "UNI",
      "Qty": 1.0,
      "Penjualan": 2999000.0,
      "Id Pelanggan": "9599489",
      "Pelanggan": "DWI LITANIA BUMELAR",
      "Staff": "OVALIA LUTFIANI",
      "Merchant": "BARCOD SELLER",
      "Tipe Bayar ": "Piutang",
      "Jumlah Bayar ": 2999000.0,
      "Leasing": "AKULAKU",
      "STATUS SETORAN": "-",
      "KETERANGAN": "-"
    },
    {
      "Faktur": 2302000010.0,
      "Tanggal": "2023-02-07T00:00:00",
      "Nama Barang": "SAMSUNG GALAXY WATCH4",
      "Imei": "MLP100252",
      "Warna": null,
      "Sat": "UNI",
      "Qty": 1.0,
      "Penjualan": 1499000.0,
      "Id Pelanggan": "12124093803",
      "Pelanggan": "VINI LESTARI NASUTION",
      "Staff": null,
      "Merchant": "BLIBLI MMT CORP",
      "Tipe Bayar ": "Piutang",
      "Jumlah Bayar ": 1499000.0,
      "Leasing": "ONLINE SHOP",
      "STATUS SETORAN": "-",
      "KETERANGAN": "-"
    },
    {
      "Faktur": 2302000011.0,
      "Tanggal": "2023-02-08T00:00:00",
      "Nama Barang": "SAMSUNG A04S 4/64GB",
      "Imei": "356769541259172",
      "Warna": "BLACK",
      "Sat": "UNI",
      "Qty": 1.0,
      "Penjualan": 1949000.0,
      "Id Pelanggan": "KARTIKA",
      "Pelanggan": "KARTIKA",
      "Staff": "SALSABILAH MIFTAHUL ZANAH",
      "Merchant": null,
      "Tipe Bayar ": "Cash",
      "Jumlah Bayar ": 1949000.0,
      "Leasing": null,
      "STATUS SETORAN": "DONE",
      "KETERANGAN": "TRANSFER PT"
    },
    {
      "Faktur": 2302000014.0,
      "Tanggal": "2023-02-11T00:00:00",
      "Nama Barang": "SAMSUNG A04E 3/32GB",
      "Imei": "352129775409973",
      "Warna": "BLUE",
      "Sat": "UNI",
      "Qty": 1.0,
      "Penjualan": 1300000.0,
      "Id Pelanggan": "SARI",
      "Pelanggan": "SARI",
      "Staff": "ERREN RACHMAT",
      "Merchant": null,
      "Tipe Bayar ": "Cash",
      "Jumlah Bayar ": 1300000.0,
      "Leasing": null,
      "STATUS SETORAN": "DONE",
      "KETERANGAN": "TRANSFER PT"
    },
    {
      "Faktur": 2302000015.0,
      "Tanggal": "2023-02-11T00:00:00",
      "Nama Barang": "SAMSUNG GALAXY A14 5G 6/128GB",
      "Imei": "351998830548327",
      "Warna": "SILVER",
      "Sat": "UNI",
      "Qty": 1.0,
      "Penjualan": 2999000.0,
      "Id Pelanggan": "RAHMAT",
      "Pelanggan": "RAHMAT",
      "Staff": "MOCHAMMAD SAMBA",
      "Merchant": null,
      "Tipe Bayar ": "Debit Card",
      "Jumlah Bayar ": 2999000.0,
      "Leasing": "BCA",
      "STATUS SETORAN": "DONE",
      "KETERANGAN": 172228
    },
    {
      "Faktur": 2302000016.0,
      "Tanggal": "2023-02-12T00:00:00",
      "Nama Barang": "CASE SAMSUNG ORI 150K",
      "Imei": "MLP100523",
      "Warna": null,
      "Sat": "PCS",
      "Qty": 1.0,
      "Penjualan": 99000.0,
      "Id Pelanggan": "230212SGD3JC6Q",
      "Pelanggan": "STEPHANIE FRISTA NATALIA",
      "Staff": null,
      "Merchant": "SHOPEE MILAPHONE SHOP",
      "Tipe Bayar ": "Piutang",
      "Jumlah Bayar ": 99000.0,
      "Leasing": "ONLINE SHOP",
      "STATUS SETORAN": "-",
      "KETERANGAN": "-"
    },
    {
      "Faktur": 2302000017.0,
      "Tanggal": "2023-02-12T00:00:00",
      "Nama Barang": "SAMSUNG GALAXY A14 5G 6/128GB",
      "Imei": "351998830411963",
      "Warna": "BLACK",
      "Sat": "UNI",
      "Qty": 1.0,
      "Penjualan": 2999000.0,
      "Id Pelanggan": "1676207003",
      "Pelanggan": "DARMANSYAH LUBIS",
      "Staff": "DIKI SETIAWAN",
      "Merchant": "BARCODE SELLER",
      "Tipe Bayar ": "Piutang",
      "Jumlah Bayar ": 2999000.0,
      "Leasing": "KREDIVO",
      "STATUS SETORAN": "-",
      "KETERANGAN": "-"
    },
    {
      "Faktur": 2302000018.0,
      "Tanggal": "2023-02-13T00:00:00",
      "Nama Barang": "CASE SAMSUNG ORI 150K",
      "Imei": "MLP100523",
      "Warna": null,
      "Sat": "PCS",
      "Qty": 1.0,
      "Penjualan": 99000.0,
      "Id Pelanggan": "230213UX29F2GM",
      "Pelanggan": "SHAFIYA",
      "Staff": null,
      "Merchant": "SHOPEE MILAPHONE",
      "Tipe Bayar ": "Piutang",
      "Jumlah Bayar ": 99000.0,
      "Leasing": "ONLINE SHOP",
      "STATUS SETORAN": "-",
      "KETERANGAN": "-"
    },
    {
      "Faktur": 2302000020.0,
      "Tanggal": "2023-02-14T00:00:00",
      "Nama Barang": "SAMSUNG A04S 4/64GB",
      "Imei": "356769542527783",
      "Warna": "GREEN",
      "Sat": "UNI",
      "Qty": 1.0,
      "Penjualan": 1999000.0,
      "Id Pelanggan": "DESI",
      "Pelanggan": "DESI",
      "Staff": "ERREN RAHMAT TRISECAR",
      "Merchant": null,
      "Tipe Bayar ": "Cash",
      "Jumlah Bayar ": 1999000.0,
      "Leasing": null,
      "STATUS SETORAN": "DONE",
      "KETERANGAN": "TRANSFER PT"
    },
    {
      "Faktur": 2302000021.0,
      "Tanggal": "2023-02-14T00:00:00",
      "Nama Barang": "SAMSUNG CROMEBOOK 4/64GB",
      "Imei": "54549FER501062",
      "Warna": "-",
      "Sat": "UNI",
      "Qty": 1.0,
      "Penjualan": 2499000.0,
      "Id Pelanggan": "SITI SUMARNI",
      "Pelanggan": "SITI SUMARNI",
      "Staff": "ERREN RAHMAT TRISECAR",
      "Merchant": null,
      "Tipe Bayar ": "Cash",
      "Jumlah Bayar ": 2499000.0,
      "Leasing": null,
      "STATUS SETORAN": "DONE",
      "KETERANGAN": "TRANSFER PT"
    },
    {
      "Faktur": 2302000022.0,
      "Tanggal": "2023-02-15T00:00:00",
      "Nama Barang": "CASE SAMSUNG ORI 100K",
      "Imei": "MLP100524",
      "Warna": null,
      "Sat": "PCS",
      "Qty": 1.0,
      "Penjualan": 99000.0,
      "Id Pelanggan": "2302153SFFC0XH",
      "Pelanggan": "WISLIE ANTHONY",
      "Staff": null,
      "Merchant": "SHOPEE MILAPHONE",
      "Tipe Bayar ": "Piutang",
      "Jumlah Bayar ": 99000.0,
      "Leasing": "ONLINE SHOP",
      "STATUS SETORAN": "-",
      "KETERANGAN": "-"
    },
    {
      "Faktur": 2302000023.0,
      "Tanggal": "2023-02-15T00:00:00",
      "Nama Barang": "CASE SAMSUNG ORI 150K",
      "Imei": "MLP100523",
      "Warna": null,
      "Sat": "PCS",
      "Qty": 1.0,
      "Penjualan": 99000.0,
      "Id Pelanggan": "230215430J5TRA",
      "Pelanggan": "HENDRA WIJAYA",
      "Staff": null,
      "Merchant": "SHOPEE MILAPHONE",
      "Tipe Bayar ": "Piutang",
      "Jumlah Bayar ": 99000.0,
      "Leasing": "ONLINE SHOP",
      "STATUS SETORAN": "-",
      "KETERANGAN": "-"
    },
    {
      "Faktur": 2302000024.0,
      "Tanggal": "2023-02-15T00:00:00",
      "Nama Barang": "SAMSUNG A04E 3/32GB",
      "Imei": "352129775276901",
      "Warna": "BLUE",
      "Sat": "UNI",
      "Qty": 1.0,
      "Penjualan": 1399000.0,
      "Id Pelanggan": "DIKI",
      "Pelanggan": "DIKI",
      "Staff": "ERREN RAHMAT TRI SECAR",
      "Merchant": null,
      "Tipe Bayar ": "Cash",
      "Jumlah Bayar ": 1399000.0,
      "Leasing": null,
      "STATUS SETORAN": "DONE",
      "KETERANGAN": "TRANSFER PT"
    },
    {
      "Faktur": 2302000025.0,
      "Tanggal": "2023-02-17T00:00:00",
      "Nama Barang": "SAMSUNG Tab A8 4/128GB",
      "Imei": "358098210390227",
      "Warna": null,
      "Sat": "UNI",
      "Qty": 1.0,
      "Penjualan": 4100000.0,
      "Id Pelanggan": "EDI DARMAWAN",
      "Pelanggan": "EDI DARMAWAN",
      "Staff": "DIKI SETIAWAN",
      "Merchant": null,
      "Tipe Bayar ": "Debit Card",
      "Jumlah Bayar ": 4100000.0,
      "Leasing": "BCA",
      "STATUS SETORAN": "DONE",
      "KETERANGAN": 210827
    },
    {
      "Faktur": 2302000026.0,
      "Tanggal": "2023-02-19T00:00:00",
      "Nama Barang": "SAMSUNG GALAXY A14 5G 6/128GB",
      "Imei": "351998830412052",
      "Warna": "BLACK",
      "Sat": "UNI",
      "Qty": 1.0,
      "Penjualan": 2999000.0,
      "Id Pelanggan": "SINTA",
      "Pelanggan": "SINTA",
      "Staff": "DIKI SETIAWAN",
      "Merchant": null,
      "Tipe Bayar ": "Debit Card",
      "Jumlah Bayar ": 2999000.0,
      "Leasing": "BCA",
      "STATUS SETORAN": "DONE",
      "KETERANGAN": 144300
    },
    {
      "Faktur": 2302000027.0,
      "Tanggal": "2023-02-19T00:00:00",
      "Nama Barang": "SAMSUNG A13 4/128GB",
      "Imei": "350637543683580",
      "Warna": "BLACK",
      "Sat": "UNI",
      "Qty": 1.0,
      "Penjualan": 2499000.0,
      "Id Pelanggan": "4300305541",
      "Pelanggan": "PUJI LESTARI",
      "Staff": "MOCH SAMBA",
      "Merchant": null,
      "Tipe Bayar ": "Cash",
      "Jumlah Bayar ": 550000.0,
      "Leasing": null,
      "STATUS SETORAN": "DONE",
      "KETERANGAN": "TRANSFER PT"
    },
    {
      "Faktur": 2302000028.0,
      "Tanggal": "2023-02-22T00:00:00",
      "Nama Barang": "SAMSUNG GALAXY A14 5G 6/128GB",
      "Imei": "351998830408019",
      "Warna": "-",
      "Sat": "UNI",
      "Qty": 1.0,
      "Penjualan": 2999000.0,
      "Id Pelanggan": "PO00004620",
      "Pelanggan": "MUHAMAD HOLIK HAMBALI",
      "Staff": "ERREN RAHMAT TRISECAR",
      "Merchant": "POLO",
      "Tipe Bayar ": "Piutang",
      "Jumlah Bayar ": 3299000.0,
      "Leasing": "SPEKTRA",
      "STATUS SETORAN": null,
      "KETERANGAN": null
    },
    {
      "Faktur": 2302000029.0,
      "Tanggal": "2023-02-22T00:00:00",
      "Nama Barang": "SAMSUNG A23 6/128GB",
      "Imei": "358120890313202",
      "Warna": "BLACK",
      "Sat": "UNI",
      "Qty": 1.0,
      "Penjualan": 3299000.0,
      "Id Pelanggan": "BAMBANG",
      "Pelanggan": "BAMBANG",
      "Staff": "ERREN RAHMAT TRISECAR",
      "Merchant": null,
      "Tipe Bayar ": "Cash",
      "Jumlah Bayar ": 3299000.0,
      "Leasing": null,
      "STATUS SETORAN": "DONE",
      "KETERANGAN": "TRANSFER PT"
    },
    {
      "Faktur": 2302000030.0,
      "Tanggal": "2023-02-23T00:00:00",
      "Nama Barang": "SAMSUNG S22 ULTRA 512GB",
      "Imei": "353274170174639",
      "Warna": "BLACK",
      "Sat": "UNI",
      "Qty": 1.0,
      "Penjualan": 18134000.0,
      "Id Pelanggan": "MEMBER",
      "Pelanggan": "MELET",
      "Staff": "MELETZ",
      "Merchant": null,
      "Tipe Bayar ": "Cash",
      "Jumlah Bayar ": 18134000.0,
      "Leasing": null,
      "STATUS SETORAN": "DONE",
      "KETERANGAN": "SETOR KE BABEH"
    },
    {
      "Faktur": 2302000031.0,
      "Tanggal": "2023-02-24T00:00:00",
      "Nama Barang": "SAMSUNG A13 6/128GB",
      "Imei": "3545293835546698",
      "Warna": null,
      "Sat": "UNI",
      "Qty": 1.0,
      "Penjualan": 2599000.0,
      "Id Pelanggan": "MEMBER BOSS",
      "Pelanggan": "KAMAL BOSS",
      "Staff": null,
      "Merchant": null,
      "Tipe Bayar ": "Cash",
      "Jumlah Bayar ": 2599000.0,
      "Leasing": null,
      "STATUS SETORAN": null,
      "KETERANGAN": null
    },
    {
      "Faktur": 2302000032.0,
      "Tanggal": "2023-02-24T00:00:00",
      "Nama Barang": "SAMSUNG GALAXY A14 5G 6/128GB",
      "Imei": "351998830129623",
      "Warna": "BLACK",
      "Sat": "UNI",
      "Qty": 1.0,
      "Penjualan": 2880000.0,
      "Id Pelanggan": "TEMPO TOKPED",
      "Pelanggan": "LASKA",
      "Staff": null,
      "Merchant": "TOKPED LASKA",
      "Tipe Bayar ": "Piutang",
      "Jumlah Bayar ": 2880000.0,
      "Leasing": "TEMPO",
      "STATUS SETORAN": "-",
      "KETERANGAN": "-"
    },
    {
      "Faktur": 2302000033.0,
      "Tanggal": "2023-02-24T00:00:00",
      "Nama Barang": "SAMSUNG GALAXY A14 5G 6/128GB",
      "Imei": "351998830279436",
      "Warna": "BLACK",
      "Sat": "UNI",
      "Qty": 1.0,
      "Penjualan": 2880000.0,
      "Id Pelanggan": "MEMBER LASKA",
      "Pelanggan": "LASKA",
      "Staff": null,
      "Merchant": "TOKPED LASKA",
      "Tipe Bayar ": "Piutang",
      "Jumlah Bayar ": 2880000.0,
      "Leasing": "TEMPO",
      "STATUS SETORAN": "-",
      "KETERANGAN": "-"
    },
    {
      "Faktur": 2302000034.0,
      "Tanggal": "2023-02-26T00:00:00",
      "Nama Barang": "SAMSUNG S23 ULTRA 12/512GB",
      "Imei": "354409500119255",
      "Warna": "-",
      "Sat": "UNI",
      "Qty": 1.0,
      "Penjualan": 21999000.0,
      "Id Pelanggan": "PAK ASEP",
      "Pelanggan": "PAK ASEP",
      "Staff": "SALSABILLAH M Z",
      "Merchant": null,
      "Tipe Bayar ": "Cash",
      "Jumlah Bayar ": 500000.0,
      "Leasing": null,
      "STATUS SETORAN": "DONE",
      "KETERANGAN": "TRANSFER PT"
    },
    {
      "Faktur": 2302000035.0,
      "Tanggal": "2023-02-27T00:00:00",
      "Nama Barang": "CASE SAMSUNG ORI 150K",
      "Imei": "MLP100523",
      "Warna": null,
      "Sat": "PCS",
      "Qty": 1.0,
      "Penjualan": 100000.0,
      "Id Pelanggan": "230227585WEF9B",
      "Pelanggan": "RAKA KUSTANTO",
      "Staff": null,
      "Merchant": "SHOPEE MILAPHONE SHOP",
      "Tipe Bayar ": "Piutang",
      "Jumlah Bayar ": 100000.0,
      "Leasing": "ONLINE SHOP",
      "STATUS SETORAN": "-",
      "KETERANGAN": "-"
    },
    {
      "Faktur": 2302000036.0,
      "Tanggal": "2023-02-27T00:00:00",
      "Nama Barang": "SAMSUNG A13 6/128GB",
      "Imei": "354529384409025",
      "Warna": "ORANGE",
      "Sat": "UNI",
      "Qty": 1.0,
      "Penjualan": 2599000.0,
      "Id Pelanggan": "10523005384",
      "Pelanggan": "MUHAMAR RIZKI",
      "Staff": "MOCHAMMAD SAMBA",
      "Merchant": "POLO",
      "Tipe Bayar ": "Cash",
      "Jumlah Bayar ": 100000.0,
      "Leasing": null,
      "STATUS SETORAN": "DONE",
      "KETERANGAN": "TRANSFER PT"
    },
    {
      "Faktur": 2302000037.0,
      "Tanggal": "2023-02-28T00:00:00",
      "Nama Barang": "SAMSUNG GALAXY A14 5G 6/128GB",
      "Imei": "351998830514642",
      "Warna": "-",
      "Sat": "UNI",
      "Qty": 1.0,
      "Penjualan": 2885000.0,
      "Id Pelanggan": "12125186698",
      "Pelanggan": "GORI CELL",
      "Staff": null,
      "Merchant": "BLIBLI MMT CORP",
      "Tipe Bayar ": "Piutang",
      "Jumlah Bayar ": 2885000.0,
      "Leasing": "ONLINE SHOP",
      "STATUS SETORAN": "-",
      "KETERANGAN": "-"
    },
    {
      "Faktur": 2302000038.0,
      "Tanggal": "2023-02-28T00:00:00",
      "Nama Barang": "SAMSUNG GALAXY A14 5G 6/128GB",
      "Imei": "351998830517983",
      "Warna": "-",
      "Sat": "UNI",
      "Qty": 1.0,
      "Penjualan": 2849000.0,
      "Id Pelanggan": "12125160576",
      "Pelanggan": "CECE CIACIA",
      "Staff": null,
      "Merchant": "BLIBLI MMT CORP",
      "Tipe Bayar ": "Piutang",
      "Jumlah Bayar ": 2849000.0,
      "Leasing": "ONLINE SHOP",
      "STATUS SETORAN": "-",
      "KETERANGAN": "-"
    }
  ],
  "PUSAT": [
    {
      "Faktur": 2302000001.0,
      "Tanggal": "2023-02-01T00:00:00",
      "Nama Barang": "REXI CHARGER CABLE MICRO 2,0A CC20-M",
      "Imei": "MLP100305",
      "Warna": "-",
      "Sat": "PCS",
      "Qty": 1.0,
      "Penjualan": 45000.0,
      "Id Pelanggan": "11405489195415",
      "Pelanggan": "SITI MARSITO",
      "Staff": "RAMADHAN MAULANA",
      "Merchant": "MILAPHONE RM",
      "Tipe Bayar ": "Piutang",
      "Jumlah Bayar ": 1344000.0,
      "Leasing": "AKULAKU",
      "STATUS SETORAN": "-",
      "KETERANGAN": "-"
    },
    {
      "Faktur": 2302000011.0,
      "Tanggal": "2023-02-03T00:00:00",
      "Nama Barang": "XIAOMI Redmi Note 11 6/128GB",
      "Imei": "861631066026345",
      "Warna": "GRAY",
      "Sat": "UNI",
      "Qty": 1.0,
      "Penjualan": 2799000.0,
      "Id Pelanggan": "FERDY",
      "Pelanggan": "FERDY",
      "Staff": "MUHAMMAD SAMBA",
      "Merchant": null,
      "Tipe Bayar ": "Cash",
      "Jumlah Bayar ": 2999000.0,
      "Leasing": null,
      "STATUS SETORAN": "DONE",
      "KETERANGAN": "TRANSFER PT"
    },
    {
      "Faktur": 2302000014.0,
      "Tanggal": "2023-02-04T00:00:00",
      "Nama Barang": "SEPEDAH LISTRIK EXOTIC VELOCE",
      "Imei": "MLP100537",
      "Warna": "-",
      "Sat": "UNI",
      "Qty": 1.0,
      "Penjualan": 4999000.0,
      "Id Pelanggan": "PAK SABAR",
      "Pelanggan": "PAK SABAR",
      "Staff": "SALSABILAH MIFTAHUL ZANAH",
      "Merchant": null,
      "Tipe Bayar ": "Cash",
      "Jumlah Bayar ": 4999000.0,
      "Leasing": null,
      "STATUS SETORAN": "DONE",
      "KETERANGAN": "TRANSFER PT"
    },
    {
      "Faktur": 2302000015.0,
      "Tanggal": "2023-02-04T00:00:00",
      "Nama Barang": "MOTOR LISTRIK U-WINFLY GN",
      "Imei": "MLP100503",
      "Warna": "-",
      "Sat": "UNI",
      "Qty": 1.0,
      "Penjualan": 10000000.0,
      "Id Pelanggan": "DEDII",
      "Pelanggan": "DEDII",
      "Staff": "DIKI SETIAWAN",
      "Merchant": null,
      "Tipe Bayar ": "Debit Card",
      "Jumlah Bayar ": 10000000.0,
      "Leasing": "BCA",
      "STATUS SETORAN": "DONE",
      "KETERANGAN": 170104
    },
    {
      "Faktur": 2302000016.0,
      "Tanggal": "2023-02-04T00:00:00",
      "Nama Barang": "REALME C33 4/64GB",
      "Imei": "864184065301712",
      "Warna": "-",
      "Sat": "UNI",
      "Qty": 1.0,
      "Penjualan": 1799000.0,
      "Id Pelanggan": "ROHIYAH",
      "Pelanggan": "ROHIYAH",
      "Staff": "MUHAMMAD SAMBA",
      "Merchant": null,
      "Tipe Bayar ": "Cash",
      "Jumlah Bayar ": 1799000.0,
      "Leasing": null,
      "STATUS SETORAN": "DONE",
      "KETERANGAN": "TRANSFER PT"
    },
    {
      "Faktur": 2302000017.0,
      "Tanggal": "2023-02-05T00:00:00",
      "Nama Barang": "MOTOR LISTRIK U-WINFLY LN",
      "Imei": "MLP100496",
      "Warna": "-",
      "Sat": "UNI",
      "Qty": 1.0,
      "Penjualan": 8750000.0,
      "Id Pelanggan": "IMEL",
      "Pelanggan": "IMEL",
      "Staff": "DIKI SETIAWAN",
      "Merchant": null,
      "Tipe Bayar ": "Cash",
      "Jumlah Bayar ": 8750000.0,
      "Leasing": null,
      "STATUS SETORAN": "DONE",
      "KETERANGAN": "TRANSFER PT"
    },
    {
      "Faktur": 2302000018.0,
      "Tanggal": "2023-02-05T00:00:00",
      "Nama Barang": "REALME C30S 3/32GB",
      "Imei": "860615060670134",
      "Warna": "-",
      "Sat": "UNI",
      "Qty": 1.0,
      "Penjualan": 1349000.0,
      "Id Pelanggan": "SUGIMO",
      "Pelanggan": "SUGIMO",
      "Staff": "MUHAMMAD SAMBA",
      "Merchant": null,
      "Tipe Bayar ": "Cash",
      "Jumlah Bayar ": 1349000.0,
      "Leasing": null,
      "STATUS SETORAN": "DONE",
      "KETERANGAN": "TRANSFER PT"
    },
    {
      "Faktur": 2302000019.0,
      "Tanggal": "2023-02-05T00:00:00",
      "Nama Barang": "MOTOR LISTRILK U-WINFLY RF6",
      "Imei": "MLP100480",
      "Warna": "-",
      "Sat": "UNI",
      "Qty": 1.0,
      "Penjualan": 4999000.0,
      "Id Pelanggan": "RAHMAT",
      "Pelanggan": "RAHMAT",
      "Staff": "MUHAMMAD SAMBA",
      "Merchant": null,
      "Tipe Bayar ": "Debit Card",
      "Jumlah Bayar ": 4999000.0,
      "Leasing": "BRITAMA",
      "STATUS SETORAN": "DONE",
      "KETERANGAN": null
    },
    {
      "Faktur": 2302000020.0,
      "Tanggal": "2023-02-06T00:00:00",
      "Nama Barang": "OLIKE SMARTWATCH W12",
      "Imei": "MLP100420",
      "Warna": "-",
      "Sat": "PCS",
      "Qty": 4.0,
      "Penjualan": 880000.0,
      "Id Pelanggan": "MEMBER",
      "Pelanggan": "ANDUNG",
      "Staff": "OPIK RIFANDI",
      "Merchant": null,
      "Tipe Bayar ": "Piutang",
      "Jumlah Bayar ": 10765000.0,
      "Leasing": "TEMPO",
      "STATUS SETORAN": "-",
      "KETERANGAN": "-"
    },

    {
      "Faktur": 2302000038.0,
      "Tanggal": "2023-02-10T00:00:00",
      "Nama Barang": "MOTOR LISTRILK U-WINFLY DF7",
      "Imei": "MLP100478",
      "Warna": "-",
      "Sat": "UNI",
      "Qty": 1.0,
      "Penjualan": 5400000.0,
      "Id Pelanggan": "PO00002036",
      "Pelanggan": "YULIA NURBAITI",
      "Staff": "MUHAMMAD SAMBA",
      "Merchant": "POLO",
      "Tipe Bayar ": "Cash",
      "Jumlah Bayar ": 974000.0,
      "Leasing": null,
      "STATUS SETORAN": "DONE",
      "KETERANGAN": "TRANSFER PT"
    },
    {
      "Faktur": 2302000039.0,
      "Tanggal": "2023-02-10T00:00:00",
      "Nama Barang": "OPPO A57 4/64GB",
      "Imei": "860625067709173",
      "Warna": "-",
      "Sat": "UNI",
      "Qty": 1.0,
      "Penjualan": 2399000.0,
      "Id Pelanggan": "lukas",
      "Pelanggan": "lukas",
      "Staff": "DIKI SETIAWAN",
      "Merchant": null,
      "Tipe Bayar ": "Cash",
      "Jumlah Bayar ": 2399000.0,
      "Leasing": null,
      "STATUS SETORAN": "DONE",
      "KETERANGAN": "TRANSFER PT"
    },
    {
      "Faktur": 2302000040.0,
      "Tanggal": "2023-02-10T00:00:00",
      "Nama Barang": "MOTOR LISTRIK U-WINFLY T3",
      "Imei": "MLP100489",
      "Warna": "-",
      "Sat": "UNI",
      "Qty": 1.0,
      "Penjualan": 10999000.0,
      "Id Pelanggan": "1676031795",
      "Pelanggan": "IJUL FIKRI",
      "Staff": "MUHAMMAD SAMBA",
      "Merchant": "BARCOD SELLER",
      "Tipe Bayar ": "Piutang",
      "Jumlah Bayar ": 10200000.0,
      "Leasing": "KREDIVO",
      "STATUS SETORAN": "-",
      "KETERANGAN": "-"
    },
    {
      "Faktur": 2302000041.0,
      "Tanggal": "2023-02-10T00:00:00",
      "Nama Barang": "REALME C30S 4/64GB",
      "Imei": "860615060089954",
      "Warna": "-",
      "Sat": "UNI",
      "Qty": 1.0,
      "Penjualan": 1599000.0,
      "Id Pelanggan": "JESI",
      "Pelanggan": "JESI",
      "Staff": "ERREN RAHMAT TRISECAR",
      "Merchant": null,
      "Tipe Bayar ": "Cash",
      "Jumlah Bayar ": 1614000.0,
      "Leasing": null,
      "STATUS SETORAN": "DONE",
      "KETERANGAN": "TRANSFER PT"
    },
      {
      "Faktur": 2302000044.0,
      "Tanggal": "2023-02-11T00:00:00",
      "Nama Barang": "OASE Hydrogel Screen Protector",
      "Imei": "MLP100114",
      "Warna": "-",
      "Sat": "PCS",
      "Qty": 1.0,
      "Penjualan": 50000.0,
      "Id Pelanggan": "SISIL",
      "Pelanggan": "SISIL",
      "Staff": "ERREN RAHMAT TRISECEN",
      "Merchant": null,
      "Tipe Bayar ": "Debit Card",
      "Jumlah Bayar ": 50000.0,
      "Leasing": "BCA",
      "STATUS SETORAN": "DONE",
      "KETERANGAN": 145736
    },
    {
      "Faktur": 2302000045.0,
      "Tanggal": "2023-02-11T00:00:00",
      "Nama Barang": "OPPO A96 8/256GB",
      "Imei": "867583055663451",
      "Warna": "-",
      "Sat": "UNI",
      "Qty": 1.0,
      "Penjualan": 3999000.0,
      "Id Pelanggan": "1676117972",
      "Pelanggan": "SHINTA SAPUTRI",
      "Staff": "SALSABILLAH M Z",
      "Merchant": null,
      "Tipe Bayar ": "Cash",
      "Jumlah Bayar ": 1600000.0,
      "Leasing": null,
      "STATUS SETORAN": "DONE",
      "KETERANGAN": "TRANSFER PT"
    },
     {
      "Faktur": 2302000061.0,
      "Tanggal": "2023-02-16T00:00:00",
      "Nama Barang": "MP PROTECT 3 BULAN",
      "Imei": "MLP100406",
      "Warna": null,
      "Sat": "PCS",
      "Qty": 1.0,
      "Penjualan": 200000.0,
      "Id Pelanggan": "1676540261",
      "Pelanggan": "NINGSIH RESTUTI",
      "Staff": "SALSABILAH MIFTAHUL ZANAH",
      "Merchant": "BARCODE SELLER",
      "Tipe Bayar ": "Cash",
      "Jumlah Bayar ": 1050000.0,
      "Leasing": null,
      "STATUS SETORAN": "DONE",
      "KETERANGAN": "TRANSFER PT"
    },
    {
      "Faktur": 2302000062.0,
      "Tanggal": "2023-02-16T00:00:00",
      "Nama Barang": "OLIKE TITAN WIRELESS EARPHONE H1",
      "Imei": "MLP100521",
      "Warna": "-",
      "Sat": "PCS",
      "Qty": 1.0,
      "Penjualan": 200000.0,
      "Id Pelanggan": "PO00004039",
      "Pelanggan": "ERIS WAHYUDI",
      "Staff": "MUHAMMAD SAMBA",
      "Merchant": "POLO",
      "Tipe Bayar ": "Cash",
      "Jumlah Bayar ": 874000.0,
      "Leasing": null,
      "STATUS SETORAN": "DONE",
      "KETERANGAN": "TRANSFER PT"
    },
    {
      "Faktur": 2302000063.0,
      "Tanggal": "2023-02-16T00:00:00",
      "Nama Barang": "MOTOR LISTRIK U-WINFLY MALEO",
      "Imei": "MLP100516",
      "Warna": "-",
      "Sat": "UNI",
      "Qty": 1.0,
      "Penjualan": 9800000.0,
      "Id Pelanggan": "JUMHARI",
      "Pelanggan": "JUMHARI",
      "Staff": "MUHAMMAD SAMBA",
      "Merchant": null,
      "Tipe Bayar ": "Cash",
      "Jumlah Bayar ": 9800000.0,
      "Leasing": null,
      "STATUS SETORAN": "DONE",
      "KETERANGAN": "TRANSFER PT"
    },
    {
      "Faktur": 2302000065.0,
      "Tanggal": "2023-02-17T00:00:00",
      "Nama Barang": "IMOO Z5",
      "Imei": "MLP100266",
      "Warna": "-",
      "Sat": "PCS",
      "Qty": 3.0,
      "Penjualan": 4752000.0,
      "Id Pelanggan": "MEMBER",
      "Pelanggan": "ANDUNG",
      "Staff": "OPIK RIFANDI",
      "Merchant": null,
      "Tipe Bayar ": "Piutang",
      "Jumlah Bayar ": 8431000.0,
      "Leasing": "TEMPO",
      "STATUS SETORAN": "-",
      "KETERANGAN": "-"
    },
 
    {
      "Faktur": 2302000066.0,
      "Tanggal": "2023-02-17T00:00:00",
      "Nama Barang": "OPPO USB VOOC Type C Original",
      "Imei": "MLP100154",
      "Warna": "-",
      "Sat": "0",
      "Qty": 1.0,
      "Penjualan": 70000.0,
      "Id Pelanggan": "JUNET",
      "Pelanggan": "JUNET",
      "Staff": "MUHAMMAD SAMBA",
      "Merchant": null,
      "Tipe Bayar ": "Cash",
      "Jumlah Bayar ": 70000.0,
      "Leasing": null,
      "STATUS SETORAN": "DONE",
      "KETERANGAN": "SETOR KE BABEH"
    },
    {
      "Faktur": 2302000067.0,
      "Tanggal": "2023-02-17T00:00:00",
      "Nama Barang": "SEPEDAH LISTRIK EXOTIC  X6",
      "Imei": "MLP100543",
      "Warna": "-",
      "Sat": "UNI",
      "Qty": 1.0,
      "Penjualan": 4799000.0,
      "Id Pelanggan": "PO00002662",
      "Pelanggan": "NURYADI",
      "Staff": "ERREN RAHMAT T",
      "Merchant": "POLO",
      "Tipe Bayar ": "Cash",
      "Jumlah Bayar ": 712000.0,
      "Leasing": null,
      "STATUS SETORAN": "DONE",
      "KETERANGAN": "SETOR KE BABEH"
    },
    {
      "Faktur": 2302000068.0,
      "Tanggal": "2023-02-17T00:00:00",
      "Nama Barang": "REALME C35 4/128GB",
      "Imei": "865895069091673",
      "Warna": "-",
      "Sat": "UNI",
      "Qty": 1.0,
      "Penjualan": 2499000.0,
      "Id Pelanggan": "DEDI 1",
      "Pelanggan": "DEDI",
      "Staff": "DIKI SETIAWAN",
      "Merchant": null,
      "Tipe Bayar ": "Cash",
      "Jumlah Bayar ": 2549000.0,
      "Leasing": null,
      "STATUS SETORAN": "DONE",
      "KETERANGAN": "TRANSFER PT"
    },
     {
      "Faktur": 2302000072.0,
      "Tanggal": "2023-02-18T00:00:00",
      "Nama Barang": "INFINIX NOTE 12 8/256GB",
      "Imei": "355970210790106",
      "Warna": "-",
      "Sat": "UNI",
      "Qty": 1.0,
      "Penjualan": 2999000.0,
      "Id Pelanggan": "ESIH",
      "Pelanggan": "ESIH",
      "Staff": "DIKI SETIAWAN",
      "Merchant": null,
      "Tipe Bayar ": "Cash",
      "Jumlah Bayar ": 2999000.0,
      "Leasing": null,
      "STATUS SETORAN": "DONE",
      "KETERANGAN": "TRANSFER PT"
    },
    {
      "Faktur": 2302000073.0,
      "Tanggal": "2023-02-18T00:00:00",
      "Nama Barang": "REALME C30S 3/32GB",
      "Imei": "860615061072959",
      "Warna": "-",
      "Sat": "UNI",
      "Qty": 1.0,
      "Penjualan": 1399000.0,
      "Id Pelanggan": "NISA",
      "Pelanggan": "NISA",
      "Staff": "DIKI SETIAWAN",
      "Merchant": null,
      "Tipe Bayar ": "Cash",
      "Jumlah Bayar ": 1399000.0,
      "Leasing": null,
      "STATUS SETORAN": "DONE",
      "KETERANGAN": "TRANSFER PT"
    },
    {
      "Faktur": 2302000074.0,
      "Tanggal": "2023-02-19T00:00:00",
      "Nama Barang": "MOTOR LISTRIK U-WINFLY V7",
      "Imei": "MLP100515",
      "Warna": "-",
      "Sat": "UNI",
      "Qty": 1.0,
      "Penjualan": 16000000.0,
      "Id Pelanggan": "SUMARNI",
      "Pelanggan": "SUMARNI",
      "Staff": "DIKI SETIAWAN",
      "Merchant": null,
      "Tipe Bayar ": "Debit Card",
      "Jumlah Bayar ": 16000000.0,
      "Leasing": "BCA",
      "STATUS SETORAN": "DONE",
      "KETERANGAN": 140455
    },
    {
      "Faktur": 2302000075.0,
      "Tanggal": "2023-02-19T00:00:00",
      "Nama Barang": "FOOMEE DATA CABLE TYPE C NA-02",
      "Imei": "MLP100345",
      "Warna": "-",
      "Sat": "PCS",
      "Qty": 1.0,
      "Penjualan": 50000.0,
      "Id Pelanggan": "YANTI",
      "Pelanggan": "YANTI",
      "Staff": "SALSABILLAH M Z",
      "Merchant": null,
      "Tipe Bayar ": "Cash",
      "Jumlah Bayar ": 50000.0,
      "Leasing": null,
      "STATUS SETORAN": "DONE",
      "KETERANGAN": "TRANSFER PT"
    },
     {
      "Faktur": 2302000077.0,
      "Tanggal": "2023-02-20T00:00:00",
      "Nama Barang": "OPPO A17K 3/64GB",
      "Imei": "862645066424135",
      "Warna": null,
      "Sat": "UNI",
      "Qty": 1.0,
      "Penjualan": 1660000.0,
      "Id Pelanggan": "MELET",
      "Pelanggan": "MELET",
      "Staff": "MELETZ",
      "Merchant": null,
      "Tipe Bayar ": "Cash",
      "Jumlah Bayar ": 1660000.0,
      "Leasing": null,
      "STATUS SETORAN": "DONE",
      "KETERANGAN": "TRANSFER PT"
    },
    {
      "Faktur": 2302000078.0,
      "Tanggal": "2023-02-20T00:00:00",
      "Nama Barang": "MOTOR LISTRIK U-WINFLY T3",
      "Imei": "MLP100489",
      "Warna": "-",
      "Sat": "UNI",
      "Qty": 1.0,
      "Penjualan": 10999000.0,
      "Id Pelanggan": "1676694857",
      "Pelanggan": "KURNIAWAN",
      "Staff": "MUHAMMAD SAMBA",
      "Merchant": null,
      "Tipe Bayar ": "Piutang",
      "Jumlah Bayar ": 11199000.0,
      "Leasing": "KREDIVO",
      "STATUS SETORAN": "-",
      "KETERANGAN": "-"
    },
       {
      "Faktur": 2302000098.0,
      "Tanggal": "2023-02-26T00:00:00",
      "Nama Barang": "REALME TV 43 INC",
      "Imei": "MLP100518",
      "Warna": "-",
      "Sat": "UNI",
      "Qty": 1.0,
      "Penjualan": 2950000.0,
      "Id Pelanggan": "MELET",
      "Pelanggan": "MELET",
      "Staff": "MELETZ",
      "Merchant": null,
      "Tipe Bayar ": "Cash",
      "Jumlah Bayar ": 2950000.0,
      "Leasing": null,
      "STATUS SETORAN": "DONE",
      "KETERANGAN": "TRANSFER PT"
    },
    {
      "Faktur": 2302000099.0,
      "Tanggal": "2023-02-26T00:00:00",
      "Nama Barang": "OPPO A17 4/64GB",
      "Imei": "868852064159192",
      "Warna": "-",
      "Sat": "UNI",
      "Qty": 1.0,
      "Penjualan": 2099000.0,
      "Id Pelanggan": "UUT",
      "Pelanggan": "UUT",
      "Staff": "ERREN R T",
      "Merchant": null,
      "Tipe Bayar ": "Cash",
      "Jumlah Bayar ": 2099000.0,
      "Leasing": null,
      "STATUS SETORAN": "DONE",
      "KETERANGAN": "TRANSFER PT"
    },
    {
      "Faktur": 2302000100.0,
      "Tanggal": "2023-02-26T00:00:00",
      "Nama Barang": "REALME C30S 4/64GB",
      "Imei": "860615060398330",
      "Warna": "-",
      "Sat": "UNI",
      "Qty": 1.0,
      "Penjualan": 1599000.0,
      "Id Pelanggan": "SITI",
      "Pelanggan": "SITI",
      "Staff": "ERREN R T",
      "Merchant": null,
      "Tipe Bayar ": "Cash",
      "Jumlah Bayar ": 1599000.0,
      "Leasing": null,
      "STATUS SETORAN": "DONE",
      "KETERANGAN": "TRANSFER PT"
    },
    {
      "Faktur": 2302000101.0,
      "Tanggal": "2023-02-26T00:00:00",
      "Nama Barang": "OASE POWERBANK P-05C 5000 MAH",
      "Imei": "MLP100472",
      "Warna": null,
      "Sat": "PCS",
      "Qty": 1.0,
      "Penjualan": 80000.0,
      "Id Pelanggan": "ANDI",
      "Pelanggan": "ANDI",
      "Staff": "ERREN",
      "Merchant": null,
      "Tipe Bayar ": "Cash",
      "Jumlah Bayar ": 80000.0,
      "Leasing": null,
      "STATUS SETORAN": "DONE",
      "KETERANGAN": "TRANSFER PT"
    },
    {
      "Faktur": 2302000102.0,
      "Tanggal": "2023-02-26T00:00:00",
      "Nama Barang": "CASE HANDPHONE ALLTYPE",
      "Imei": "MLP100341",
      "Warna": "-",
      "Sat": "PCS",
      "Qty": 1.0,
      "Penjualan": 15000.0,
      "Id Pelanggan": "DIKTA",
      "Pelanggan": "DIKTA",
      "Staff": "MUHAMMAD SAMBA",
      "Merchant": null,
      "Tipe Bayar ": "Cash",
      "Jumlah Bayar ": 80000.0,
      "Leasing": null,
      "STATUS SETORAN": "DONE",
      "KETERANGAN": "TRANSFER PT"
    },
       {
      "Faktur": 2302000103.0,
      "Tanggal": "2023-02-26T00:00:00",
      "Nama Barang": "XIAOMI REDMI 10A 4/64GB",
      "Imei": "867849068283086",
      "Warna": "-",
      "Sat": "UNI",
      "Qty": 1.0,
      "Penjualan": 1699000.0,
      "Id Pelanggan": "1677413459",
      "Pelanggan": "PUTRI DWI SUSANTI",
      "Staff": "ERREN R T",
      "Merchant": "BARCODE",
      "Tipe Bayar ": "Piutang",
      "Jumlah Bayar ": 1699000.0,
      "Leasing": "KREDIVO",
      "STATUS SETORAN": "-",
      "KETERANGAN": "-"
    },
    {
      "Faktur": 2302000104.0,
      "Tanggal": "2023-02-26T00:00:00",
      "Nama Barang": "VIVO Y02 3/32GB",
      "Imei": "861751062857731",
      "Warna": "-",
      "Sat": "UNI",
      "Qty": 1.0,
      "Penjualan": 1449000.0,
      "Id Pelanggan": "ilham",
      "Pelanggan": "ilham",
      "Staff": "SALSABILLAH M Z",
      "Merchant": null,
      "Tipe Bayar ": "Cash",
      "Jumlah Bayar ": 1449000.0,
      "Leasing": null,
      "STATUS SETORAN": "DONE",
      "KETERANGAN": "TRANSFER PT"
    },
    {
      "Faktur": 2302000105.0,
      "Tanggal": "2023-02-27T00:00:00",
      "Nama Barang": "REALME SMART TV 32 INC BAZEL LESS",
      "Imei": "MLP100453",
      "Warna": "-",
      "Sat": "UNI",
      "Qty": 1.0,
      "Penjualan": 2399000.0,
      "Id Pelanggan": "261320422743358",
      "Pelanggan": "DARLIANA",
      "Staff": "ERREN RAHMAT TRISECAR",
      "Merchant": "MILA MEDIA",
      "Tipe Bayar ": "Piutang",
      "Jumlah Bayar ": 2600000.0,
      "Leasing": "AKULAKU",
      "STATUS SETORAN": null,
      "KETERANGAN": null
    },
      {
      "Faktur": 2302000048.0,
      "Tanggal": "2023-02-17T00:00:00",
      "Nama Barang": "MOTOR LISTRILK U-WINFLY DF7",
      "Imei": "MLP100478",
      "Warna": null,
      "Sat": "UNI",
      "Qty": 3.0,
      "Penjualan": 12600000.0,
      "Id Pelanggan": "WASDI",
      "Pelanggan": "WASDI",
      "Staff": "MARIYA HULFA",
      "Merchant": null,
      "Tipe Bayar ": "Cash",
      "Jumlah Bayar ": 12600000.0,
      "Leasing": null,
      "STATUS SETORAN": "DONE",
      "KETERANGAN": "TRANSFER PT & SETOR KE BABEH"
    },
    {
      "Faktur": 2302000049.0,
      "Tanggal": "2023-02-18T00:00:00",
      "Nama Barang": "OLIKE SMARTWATCH W12",
      "Imei": "MLP100420",
      "Warna": null,
      "Sat": "PCS",
      "Qty": 1.0,
      "Penjualan": 149000.0,
      "Id Pelanggan": "1676543839",
      "Pelanggan": "DEDE HERMAWAN",
      "Staff": "DEWI SEFTIANI PUTRI",
      "Merchant": "BARCOD",
      "Tipe Bayar ": "Piutang",
      "Jumlah Bayar ": 2000000.0,
      "Leasing": "KREDIVO",
      "STATUS SETORAN": "-",
      "KETERANGAN": "-"
    },

      {
      "Faktur": 2302000054.0,
      "Tanggal": "2023-02-18T00:00:00",
      "Nama Barang": "FOOMEE DATA CABLE MICRO NA-01",
      "Imei": "MLP100344",
      "Warna": null,
      "Sat": "PCS",
      "Qty": 1.0,
      "Penjualan": 50000.0,
      "Id Pelanggan": "12623004891",
      "Pelanggan": "MULYANI",
      "Staff": "LUSTIANI INDAH LESTARI",
      "Merchant": "POLO",
      "Tipe Bayar ": "Piutang",
      "Jumlah Bayar ": 5199000.0,
      "Leasing": "SPEKTRA",
      "STATUS SETORAN": null,
      "KETERANGAN": null
    },
       {
      "Faktur": 2302000055.0,
      "Tanggal": "2023-02-19T00:00:00",
      "Nama Barang": "MP PROTECT 3 BULAN",
      "Imei": "MLP100406",
      "Warna": null,
      "Sat": "PCS",
      "Qty": 1.0,
      "Penjualan": 200000.0,
      "Id Pelanggan": "1676779089",
      "Pelanggan": "RAHMAYANTO",
      "Staff": "VERONICA OCTADYANINGTYAS",
      "Merchant": "BARCOD",
      "Tipe Bayar ": "Piutang",
      "Jumlah Bayar ": 1799000.0,
      "Leasing": "KREDIVO",
      "STATUS SETORAN": "-",
      "KETERANGAN": "-"
    },
    {
      "Faktur": 2302000058.0,
      "Tanggal": "2023-02-19T00:00:00",
      "Nama Barang": "FOOMEE WIRED HEADSET QA46",
      "Imei": "MLP100360",
      "Warna": null,
      "Sat": "PCS",
      "Qty": 1.0,
      "Penjualan": 80000.0,
      "Id Pelanggan": "1676783029",
      "Pelanggan": "USMAN MUHAJJIR",
      "Staff": "VERONICA OCTADYANINGTYAS",
      "Merchant": "BARCOD",
      "Tipe Bayar ": "Piutang",
      "Jumlah Bayar ": 4499000.0,
      "Leasing": "KREDIVO",
      "STATUS SETORAN": "-",
      "KETERANGAN": "-"
    },
      {
      "Faktur": 2302000059.0,
      "Tanggal": "2023-02-19T00:00:00",
      "Nama Barang": "OASE WIRELESS EARPHONE K09",
      "Imei": "MLP100128",
      "Warna": "-",
      "Sat": "PCS",
      "Qty": 1.0,
      "Penjualan": 150000.0,
      "Id Pelanggan": "12623004996",
      "Pelanggan": "LINA ENDRIS WARI",
      "Staff": "MARIYA HULFA",
      "Merchant": "POLO",
      "Tipe Bayar ": "Piutang",
      "Jumlah Bayar ": 5199000.0,
      "Leasing": "SPEKTRA",
      "STATUS SETORAN": "-",
      "KETERANGAN": "-"
    },
      {
      "Faktur": 2302000060.0,
      "Tanggal": "2023-02-19T00:00:00",
      "Nama Barang": "REALME C35 4/128GB",
      "Imei": "865895068862397",
      "Warna": null,
      "Sat": "UNI",
      "Qty": 1.0,
      "Penjualan": 2499000.0,
      "Id Pelanggan": "162726051220259",
      "Pelanggan": "MARTIN",
      "Staff": "MARIYA HULFA",
      "Merchant": "BARCOD",
      "Tipe Bayar ": "Piutang",
      "Jumlah Bayar ": 2499000.0,
      "Leasing": "AKULAKU",
      "STATUS SETORAN": "-",
      "KETERANGAN": "-"
    },
    {
      "Faktur": 2302000061.0,
      "Tanggal": "2023-02-19T00:00:00",
      "Nama Barang": "SAMSUNG A23 5G 6/128GB",
      "Imei": "351004001153516",
      "Warna": null,
      "Sat": "UNI",
      "Qty": 1.0,
      "Penjualan": 3999000.0,
      "Id Pelanggan": "4300308173",
      "Pelanggan": "SEPTIAN RIYADI",
      "Staff": "VERONICA OCTADYANINGTYAS",
      "Merchant": "POLO",
      "Tipe Bayar ": "Piutang",
      "Jumlah Bayar ": 4399000.0,
      "Leasing": "HOME CREDIT INDONESIA (HCI)",
      "STATUS SETORAN": "-",
      "KETERANGAN": "-"
    },
    {
      "Faktur": 2302000062.0,
      "Tanggal": "2023-02-20T00:00:00",
      "Nama Barang": "INFINIX HOT 20S 8/128GB",
      "Imei": "356157580864146",
      "Warna": null,
      "Sat": "UNI",
      "Qty": 1.0,
      "Penjualan": 2599000.0,
      "Id Pelanggan": "90808513490519",
      "Pelanggan": "ANDRIAN BUDIMAN",
      "Staff": "DESY WULANDARI",
      "Merchant": "MILA MEDIA",
      "Tipe Bayar ": "Piutang",
      "Jumlah Bayar ": 8798000.0,
      "Leasing": "AKULAKU",
      "STATUS SETORAN": null,
      "KETERANGAN": null
    },
       {
      "Faktur": 2302000063.0,
      "Tanggal": "2023-02-20T00:00:00",
      "Nama Barang": "MP PROTECT 3 BULAN",
      "Imei": "MLP100406",
      "Warna": null,
      "Sat": "PCS",
      "Qty": 1.0,
      "Penjualan": 200000.0,
      "Id Pelanggan": "90947108994868",
      "Pelanggan": "MASRIAH",
      "Staff": "LUSTIANI INDAH LESTARI",
      "Merchant": "MILA MEDIA",
      "Tipe Bayar ": "Piutang",
      "Jumlah Bayar ": 1499000.0,
      "Leasing": "AKULAKU",
      "STATUS SETORAN": "-",
      "KETERANGAN": "-"
    },
    {
      "Faktur": 2302000064.0,
      "Tanggal": "2023-02-20T00:00:00",
      "Nama Barang": "VIVO Y16 4/32GB",
      "Imei": "860033066735739",
      "Warna": null,
      "Sat": "UNI",
      "Qty": 1.0,
      "Penjualan": 1999000.0,
      "Id Pelanggan": "1676898328",
      "Pelanggan": "DANDA",
      "Staff": "DEWI SEFTIANI PUTRI",
      "Merchant": "BARCOD",
      "Tipe Bayar ": "Piutang",
      "Jumlah Bayar ": 2199000.0,
      "Leasing": "KREDIVO",
      "STATUS SETORAN": "-",
      "KETERANGAN": "-"
    },
    {
      "Faktur": 2302000065.0,
      "Tanggal": "2023-02-21T00:00:00",
      "Nama Barang": "OLIKE PB 10000 MAH P1",
      "Imei": "MLP100269",
      "Warna": null,
      "Sat": "PCS",
      "Qty": 1.0,
      "Penjualan": 150000.0,
      "Id Pelanggan": "10523004863",
      "Pelanggan": "DIDI HADI WIBOWO",
      "Staff": "MARIYA HULFA",
      "Merchant": "POLO",
      "Tipe Bayar ": "Piutang",
      "Jumlah Bayar ": 2899000.0,
      "Leasing": "SPEKTRA",
      "STATUS SETORAN": "-",
      "KETERANGAN": "-"
    },
      {
      "Faktur": 2302000066.0,
      "Tanggal": "2023-02-22T00:00:00",
      "Nama Barang": "MOTOR LISTRIK U-WINFLY RF7",
      "Imei": "MLP100544",
      "Warna": null,
      "Sat": "UNI",
      "Qty": 1.0,
      "Penjualan": 5299000.0,
      "Id Pelanggan": "4300326487",
      "Pelanggan": "MOHAMAD AKHMAD",
      "Staff": "LUSTIANI INDAH LESTARI",
      "Merchant": "POLO",
      "Tipe Bayar ": "Piutang",
      "Jumlah Bayar ": 5499000.0,
      "Leasing": "HOME CREDIT INDONESIA (HCI)",
      "STATUS SETORAN": "-",
      "KETERANGAN": "-"
    },
    {
      "Faktur": 2302000067.0,
      "Tanggal": "2023-02-22T00:00:00",
      "Nama Barang": "TECNO POVA 4 8/128GB",
      "Imei": "352517300269369",
      "Warna": null,
      "Sat": "UNI",
      "Qty": 1.0,
      "Penjualan": 2499000.0,
      "Id Pelanggan": "BAHAR",
      "Pelanggan": "BAHAR",
      "Staff": "VERONICA OCTADYANINGTYAS",
      "Merchant": null,
      "Tipe Bayar ": "Cash",
      "Jumlah Bayar ": 2399000.0,
      "Leasing": null,
      "STATUS SETORAN": "DONE",
      "KETERANGAN": "TRANSFER PT"
    },
    {
      "Faktur": 2302000068.0,
      "Tanggal": "2023-02-24T00:00:00",
      "Nama Barang": "MOTOR LISTRILK U-WINFLY DF7",
      "Imei": "MLP100478",
      "Warna": null,
      "Sat": "UNI",
      "Qty": 1.0,
      "Penjualan": 4799000.0,
      "Id Pelanggan": "1677149499",
      "Pelanggan": "ANTON",
      "Staff": "MARIYA HULFA",
      "Merchant": "BARCOD",
      "Tipe Bayar ": "Piutang",
      "Jumlah Bayar ": 4985000.0,
      "Leasing": "KREDIVO",
      "STATUS SETORAN": null,
      "KETERANGAN": null
    },
    {
      "Faktur": 2302000069.0,
      "Tanggal": "2023-02-24T00:00:00",
      "Nama Barang": "VIVO Y15S 3/64GB",
      "Imei": "863276062436334",
      "Warna": null,
      "Sat": "UNI",
      "Qty": 1.0,
      "Penjualan": 1899000.0,
      "Id Pelanggan": "WULANDARI",
      "Pelanggan": "WULANDARI",
      "Staff": "VERONICA OCTADYANINGTYAS",
      "Merchant": null,
      "Tipe Bayar ": "Cash",
      "Jumlah Bayar ": 1899000.0,
      "Leasing": null,
      "STATUS SETORAN": "DONE",
      "KETERANGAN": "TRANSFER PT"
    },
    {
      "Faktur": 2302000070.0,
      "Tanggal": "2023-02-24T00:00:00",
      "Nama Barang": "INFINIX SMART 6 2/32GB NFC",
      "Imei": "357101832072008",
      "Warna": null,
      "Sat": "UNI",
      "Qty": 1.0,
      "Penjualan": 1299000.0,
      "Id Pelanggan": "ABDUL ROHMAN",
      "Pelanggan": "ABDUL ROHMAN",
      "Staff": "MARIYA HULFA",
      "Merchant": null,
      "Tipe Bayar ": "Cash",
      "Jumlah Bayar ": 1299000.0,
      "Leasing": null,
      "STATUS SETORAN": "DONE",
      "KETERANGAN": "TRANSFER PT"
    },
    {
      "Faktur": 2302000071.0,
      "Tanggal": "2023-02-25T00:00:00",
      "Nama Barang": "INFINIX HOT 20i 4/128GB",
      "Imei": "358267174902588",
      "Warna": null,
      "Sat": "UNI",
      "Qty": 1.0,
      "Penjualan": 1799000.0,
      "Id Pelanggan": "1677300688",
      "Pelanggan": "ANDRI",
      "Staff": "LUSTIANI INDAH LESTARI",
      "Merchant": "BARCOD",
      "Tipe Bayar ": "Piutang",
      "Jumlah Bayar ": 1689000.0,
      "Leasing": "KREDIVO",
      "STATUS SETORAN": "-",
      "KETERANGAN": "-"
    },
     {
      "Faktur": 2302000072.0,
      "Tanggal": "2023-02-26T00:00:00",
      "Nama Barang": "MP PROTECT 3 BULAN",
      "Imei": "MLP100406",
      "Warna": null,
      "Sat": "PCS",
      "Qty": 1.0,
      "Penjualan": 200000.0,
      "Id Pelanggan": "225101005766542",
      "Pelanggan": "MUSA SAEPUDIN",
      "Staff": "VERONICA OCTADYANINGTYAS",
      "Merchant": "MILA MEDIA",
      "Tipe Bayar ": "Piutang",
      "Jumlah Bayar ": 4698500.0,
      "Leasing": "AKULAKU",
      "STATUS SETORAN": "-",
      "KETERANGAN": "-"
    },
    {
      "Faktur": 2302000073.0,
      "Tanggal": "2023-02-26T00:00:00",
      "Nama Barang": "MP Proteck",
      "Imei": "MLP100076",
      "Warna": null,
      "Sat": "PCS",
      "Qty": 1.0,
      "Penjualan": 400000.0,
      "Id Pelanggan": "12623004537",
      "Pelanggan": "SRI DEVI",
      "Staff": "MARIYA HULFA",
      "Merchant": "POLO",
      "Tipe Bayar ": "Piutang",
      "Jumlah Bayar ": 4439000.0,
      "Leasing": "SPEKTRA",
      "STATUS SETORAN": "-",
      "KETERANGAN": "-"
    },
    {
      "Faktur": 2302000074.0,
      "Tanggal": "2023-02-26T00:00:00",
      "Nama Barang": "VIVO Y16 4/64GB",
      "Imei": "860033065162018",
      "Warna": null,
      "Sat": "UNI",
      "Qty": 1.0,
      "Penjualan": 2099000.0,
      "Id Pelanggan": "162972114137081",
      "Pelanggan": "ALFIAN SAPUTRA",
      "Staff": "MARIYA HULFA",
      "Merchant": "BARCOD",
      "Tipe Bayar ": "Piutang",
      "Jumlah Bayar ": 2499000.0,
      "Leasing": "AKULAKU",
      "STATUS SETORAN": "-",
      "KETERANGAN": "-"
    },
    {
      "Faktur": 2302000075.0,
      "Tanggal": "2023-02-26T00:00:00",
      "Nama Barang": "MOTOR LISTRILK U-WINFLY DF7",
      "Imei": "MLP100478",
      "Warna": null,
      "Sat": "UNI",
      "Qty": 1.0,
      "Penjualan": 4600000.0,
      "Id Pelanggan": "EDAH",
      "Pelanggan": "EDAH",
      "Staff": "MARIYA HULFA",
      "Merchant": null,
      "Tipe Bayar ": "Cash",
      "Jumlah Bayar ": 4600000.0,
      "Leasing": null,
      "STATUS SETORAN": "DONE",
      "KETERANGAN": "TRANSFER PT"
    },
    {
      "Faktur": 2302000076.0,
      "Tanggal": "2023-02-27T00:00:00",
      "Nama Barang": "MP PROTECT 3 BULAN",
      "Imei": "MLP100406",
      "Warna": null,
      "Sat": "PCS",
      "Qty": 1.0,
      "Penjualan": 200000.0,
      "Id Pelanggan": "61018292725375",
      "Pelanggan": "DIANA RIANTY",
      "Staff": "VERONICA OCTADYANINGTYAS",
      "Merchant": "BARCODE SELLER",
      "Tipe Bayar ": "Piutang",
      "Jumlah Bayar ": 4999000.0,
      "Leasing": "AKULAKU",
      "STATUS SETORAN": "-",
      "KETERANGAN": "-"
    },
    {
      "Faktur": 2302000077.0,
      "Tanggal": "2023-02-27T00:00:00",
      "Nama Barang": "REALME 10 8/128GB",
      "Imei": "862317062699579",
      "Warna": null,
      "Sat": "UNI",
      "Qty": 1.0,
      "Penjualan": 3199000.0,
      "Id Pelanggan": "163015281988508",
      "Pelanggan": "TRI GUSTINA",
      "Staff": "MARIYA HULFA",
      "Merchant": "BARCOD",
      "Tipe Bayar ": "Piutang",
      "Jumlah Bayar ": 3399000.0,
      "Leasing": "AKULAKU",
      "STATUS SETORAN": "-",
      "KETERANGAN": "-"
    },
    {
      "Faktur": 2302000078.0,
      "Tanggal": "2023-02-27T00:00:00",
      "Nama Barang": "MP PROTECT 3 BULAN",
      "Imei": "MLP100406",
      "Warna": null,
      "Sat": "PCS",
      "Qty": 1.0,
      "Penjualan": 200000.0,
      "Id Pelanggan": "1677503713",
      "Pelanggan": "HUSAENI",
      "Staff": "MARIYA HULFA",
      "Merchant": "BARCOD",
      "Tipe Bayar ": "Piutang",
      "Jumlah Bayar ": 3399000.0,
      "Leasing": "KREDIVO",
      "STATUS SETORAN": "-",
      "KETERANGAN": "-"
    },
    {
      "Faktur": 2302000079.0,
      "Tanggal": "2023-02-28T00:00:00",
      "Nama Barang": "MP PROTECT 3 BULAN",
      "Imei": "MLP100406",
      "Warna": null,
      "Sat": "PCS",
      "Qty": 1.0,
      "Penjualan": 200000.0,
      "Id Pelanggan": "1677564921",
      "Pelanggan": "FARIDA WIJAYA",
      "Staff": "MARIYA HULFA",
      "Merchant": "BARCOD",
      "Tipe Bayar ": "Piutang",
      "Jumlah Bayar ": 1399000.0,
      "Leasing": "KREDIVO",
      "STATUS SETORAN": "-",
      "KETERANGAN": "-"
    }
  ],
  "KRANGGAN": [
    {
      "Faktur": 2302000001.0,
      "Tanggal": "2023-02-01T00:00:00",
      "Nama Barang": "XIAOMI REDMI 10A 4/64GB",
      "Imei": "869150064192266",
      "Warna": null,
      "Sat": "UNI",
      "Qty": 1.0,
      "Penjualan": 1699000.0,
      "Id Pelanggan": "5259529",
      "Pelanggan": "ADE KARTA WIJAYA",
      "Staff": "IQBAL DWI SEPTIAN",
      "Merchant": "BARCODE SELLER",
      "Tipe Bayar ": "Piutang",
      "Jumlah Bayar ": 1899001.0,
      "Leasing": "KREDIVO",
      "STATUS SETORAN": "-",
      "KETERANGAN": "-"
    },
    {
      "Faktur": 2302000002.0,
      "Tanggal": "2023-02-01T00:00:00",
      "Nama Barang": "SHB-MMT-MLP",
      "Imei": "MLP100280",
      "Warna": "-",
      "Sat": "PCS",
      "Qty": 1.0,
      "Penjualan": 1.0,
      "Id Pelanggan": "9660086709",
      "Pelanggan": "ENDAN",
      "Staff": "RAHMAWATI OKTAVIANI",
      "Merchant": "BARCODE SELLER",
      "Tipe Bayar ": "Piutang",
      "Jumlah Bayar ": 1699001.0,
      "Leasing": "AKULAKU",
      "STATUS SETORAN": "-",
      "KETERANGAN": "-"
    },
    {
      "Faktur": 2302000003.0,
      "Tanggal": "2023-02-01T00:00:00",
      "Nama Barang": "VIVO Y15S 3/64GB",
      "Imei": "863276064165873",
      "Warna": null,
      "Sat": "UNI",
      "Qty": 1.0,
      "Penjualan": 1899000.0,
      "Id Pelanggan": "9660087741",
      "Pelanggan": "ANTA SRI RAHAYU NINGSIH",
      "Staff": "RAHMAWATI OKTAVIANI",
      "Merchant": "BARCODE SELLER",
      "Tipe Bayar ": "Piutang",
      "Jumlah Bayar ": 2299000.0,
      "Leasing": "AKULAKU",
      "STATUS SETORAN": "-",
      "KETERANGAN": "-"
    },
    {
      "Faktur": 2302000004.0,
      "Tanggal": "2023-02-02T00:00:00",
      "Nama Barang": "OPPO A17 4/64GB",
      "Imei": "868852061997396",
      "Warna": null,
      "Sat": "UNI",
      "Qty": 1.0,
      "Penjualan": 2099000.0,
      "Id Pelanggan": "12123699688",
      "Pelanggan": "TATANG SUPRIATNA",
      "Staff": "IQBAL DWI SEPTIAN",
      "Merchant": "SUP60057",
      "Tipe Bayar ": "Cash",
      "Jumlah Bayar ": 75000.0,
      "Leasing": null,
      "STATUS SETORAN": "DONE",
      "KETERANGAN": "TRANSFER PT"
    },
    {
      "Faktur": 2302000005.0,
      "Tanggal": "2023-02-03T00:00:00",
      "Nama Barang": "INFINIX HOT 20i 4/128GB",
      "Imei": "358267170264926",
      "Warna": null,
      "Sat": "UNI",
      "Qty": 1.0,
      "Penjualan": 1799000.0,
      "Id Pelanggan": "5408891",
      "Pelanggan": "NURDIN",
      "Staff": "IQBAL DWI SEPTIAN",
      "Merchant": "BARCODE SELLER",
      "Tipe Bayar ": "Piutang",
      "Jumlah Bayar ": 1899000.0,
      "Leasing": "KREDIVO",
      "STATUS SETORAN": "-",
      "KETERANGAN": "-"
    },
    {
      "Faktur": 2302000006.0,
      "Tanggal": "2023-02-04T00:00:00",
      "Nama Barang": "XIAOMI REDMI NOTE 11 PRO 5G 8/128GB",
      "Imei": "860677066588140",
      "Warna": null,
      "Sat": "UNI",
      "Qty": 1.0,
      "Penjualan": 4199000.0,
      "Id Pelanggan": "CASH DEVI",
      "Pelanggan": "DEVI SETIAWATI",
      "Staff": "IQBAL DWI SEPTIAN",
      "Merchant": null,
      "Tipe Bayar ": "Cash",
      "Jumlah Bayar ": 4199000.0,
      "Leasing": null,
      "STATUS SETORAN": "DONE",
      "KETERANGAN": "TRANSFER PT"
    },
    {
      "Faktur": 2302000007.0,
      "Tanggal": "2023-02-04T00:00:00",
      "Nama Barang": "OPPO A57 4/128GB",
      "Imei": "860625063514437",
      "Warna": null,
      "Sat": "UNI",
      "Qty": 1.0,
      "Penjualan": 2699000.0,
      "Id Pelanggan": "9660091012",
      "Pelanggan": "DEVI",
      "Staff": "IQBAL DWI SEPTIAN",
      "Merchant": "BARCODE SELLER",
      "Tipe Bayar ": "Piutang",
      "Jumlah Bayar ": 2899000.0,
      "Leasing": "AKULAKU",
      "STATUS SETORAN": "-",
      "KETERANGAN": "-"
    },
    {
      "Faktur": 2302000008.0,
      "Tanggal": "2023-02-05T00:00:00",
      "Nama Barang": "OPPO A16 3/32GB",
      "Imei": "864136062548232",
      "Warna": null,
      "Sat": "UNI",
      "Qty": 1.0,
      "Penjualan": 1699000.0,
      "Id Pelanggan": "12123970918",
      "Pelanggan": "ANITA",
      "Staff": "RAHMAWATI OKTAVIANI",
      "Merchant": null,
      "Tipe Bayar ": "Piutang",
      "Jumlah Bayar ": 2998000.0,
      "Leasing": "BLIBLI CNC",
      "STATUS SETORAN": "-",
      "KETERANGAN": "-"
    },
    {
      "Faktur": 2302000009.0,
      "Tanggal": "2023-02-08T00:00:00",
      "Nama Barang": "INFINIX HOT 20i 4/128GB",
      "Imei": "358267170263480",
      "Warna": null,
      "Sat": "UNI",
      "Qty": 1.0,
      "Penjualan": 1749000.0,
      "Id Pelanggan": "MEMBER SUTINAH",
      "Pelanggan": "SUTINAH",
      "Staff": "IQBAL DWI SEPTIAN",
      "Merchant": null,
      "Tipe Bayar ": "Cash",
      "Jumlah Bayar ": 1749000.0,
      "Leasing": null,
      "STATUS SETORAN": "DONE",
      "KETERANGAN": "TRANSFER PT"
    },
    {
      "Faktur": 2302000010.0,
      "Tanggal": "2023-02-10T00:00:00",
      "Nama Barang": "ROBOT PB RT-180 10.000MAH",
      "Imei": "MLP100226",
      "Warna": "-",
      "Sat": "PCS",
      "Qty": 1.0,
      "Penjualan": 150000.0,
      "Id Pelanggan": "cassh",
      "Pelanggan": "rusdi",
      "Staff": "RAHMAWATI OKTAVIANI",
      "Merchant": null,
      "Tipe Bayar ": "Cash",
      "Jumlah Bayar ": 150000.0,
      "Leasing": null,
      "STATUS SETORAN": "DONE",
      "KETERANGAN": "TRANSFER PT"
    },
    {
      "Faktur": 2302000011.0,
      "Tanggal": "2023-02-10T00:00:00",
      "Nama Barang": "XIAOMI REDMI 10A 3/32GB",
      "Imei": "869150065403027",
      "Warna": null,
      "Sat": "UNI",
      "Qty": 1.0,
      "Penjualan": 1499000.0,
      "Id Pelanggan": "349962006",
      "Pelanggan": "nurif lukmanul hakim",
      "Staff": "RAHMAWATI OKTAVIANI",
      "Merchant": "barcode",
      "Tipe Bayar ": "Piutang",
      "Jumlah Bayar ": 1699000.0,
      "Leasing": "KREDIVO",
      "STATUS SETORAN": "-",
      "KETERANGAN": "-"
    },
    {
      "Faktur": 2302000012.0,
      "Tanggal": "2023-02-10T00:00:00",
      "Nama Barang": "IPHONE CHARGER USB C 18Watt",
      "Imei": "MLP100295",
      "Warna": "-",
      "Sat": "PCS",
      "Qty": 1.0,
      "Penjualan": 100000.0,
      "Id Pelanggan": "9660100789",
      "Pelanggan": "LAMI",
      "Staff": "RAHMAWATI OKTAVIANI",
      "Merchant": "BARCODE SELLER",
      "Tipe Bayar ": "Cash",
      "Jumlah Bayar ": 479900.0,
      "Leasing": null,
      "STATUS SETORAN": "DONE",
      "KETERANGAN": "TRANSFER PT"
    },
    {
      "Faktur": 2302000013.0,
      "Tanggal": "2023-02-10T00:00:00",
      "Nama Barang": "XIAOMI REDMI A1 2/32GB",
      "Imei": "866681063472708",
      "Warna": null,
      "Sat": "UNI",
      "Qty": 1.0,
      "Penjualan": 1199000.0,
      "Id Pelanggan": "9660101217",
      "Pelanggan": "EDDY WIRYANTO",
      "Staff": "IQBAL DWI SEPTIAN",
      "Merchant": "BARCODE SELLER",
      "Tipe Bayar ": "Piutang",
      "Jumlah Bayar ": 1199000.0,
      "Leasing": "AKULAKU",
      "STATUS SETORAN": "-",
      "KETERANGAN": "-"
    },
    {
      "Faktur": 2302000014.0,
      "Tanggal": "2023-02-10T00:00:00",
      "Nama Barang": "OASE ERAPHONE DE-W1",
      "Imei": "MLP100498",
      "Warna": null,
      "Sat": "PCS",
      "Qty": 2.0,
      "Penjualan": 50000.0,
      "Id Pelanggan": "9660099918",
      "Pelanggan": "FIRMAN MAULANA",
      "Staff": "RAHMAWATI OKTAVIANI",
      "Merchant": "BARCODE SELLER",
      "Tipe Bayar ": "Piutang",
      "Jumlah Bayar ": 1799000.0,
      "Leasing": "AKULAKU",
      "STATUS SETORAN": "-",
      "KETERANGAN": "-"
    },
    {
      "Faktur": 2302000015.0,
      "Tanggal": "2023-02-10T00:00:00",
      "Nama Barang": "OLIKE PORTABLE AUDIO SF3",
      "Imei": "MLP100493",
      "Warna": null,
      "Sat": "PCS",
      "Qty": 1.0,
      "Penjualan": 100000.0,
      "Id Pelanggan": "6020751",
      "Pelanggan": "ASSABIQH IBNU NAUFAL",
      "Staff": "RAHMAWATI OKTAVIANI",
      "Merchant": "BARCODE SELLER",
      "Tipe Bayar ": "Piutang",
      "Jumlah Bayar ": 1899000.0,
      "Leasing": "KREDIVO",
      "STATUS SETORAN": "-",
      "KETERANGAN": "-"
    },
    {
      "Faktur": 2302000016.0,
      "Tanggal": "2023-02-11T00:00:00",
      "Nama Barang": "XIAOMI REDMI A1 2/32GB",
      "Imei": "866681062330527",
      "Warna": null,
      "Sat": "UNI",
      "Qty": 1.0,
      "Penjualan": 1149000.0,
      "Id Pelanggan": "MEMBER SUPRI",
      "Pelanggan": "SUPRI",
      "Staff": "IQBAL DWI SEPTIAN",
      "Merchant": null,
      "Tipe Bayar ": "Cash",
      "Jumlah Bayar ": 1149000.0,
      "Leasing": null,
      "STATUS SETORAN": "DONE",
      "KETERANGAN": "TRANSFER PT"
    },
    {
      "Faktur": 2302000017.0,
      "Tanggal": "2023-02-11T00:00:00",
      "Nama Barang": "OPPO A17 4/64GB",
      "Imei": "868852061969759",
      "Warna": null,
      "Sat": "UNI",
      "Qty": 1.0,
      "Penjualan": 2099000.0,
      "Id Pelanggan": "6118789",
      "Pelanggan": "FATMA",
      "Staff": "RAHMAWATI OKTAVIANI",
      "Merchant": "BARCODE SELLER",
      "Tipe Bayar ": "Cash",
      "Jumlah Bayar ": 250000.0,
      "Leasing": null,
      "STATUS SETORAN": "DONE",
      "KETERANGAN": "TRANSFER PT"
    },
    {
      "Faktur": 2302000018.0,
      "Tanggal": "2023-02-12T00:00:00",
      "Nama Barang": "OASE ERAPHONE DE-W1",
      "Imei": "MLP100498",
      "Warna": null,
      "Sat": "PCS",
      "Qty": 1.0,
      "Penjualan": 25000.0,
      "Id Pelanggan": "AUDIT",
      "Pelanggan": "AUDIT",
      "Staff": null,
      "Merchant": null,
      "Tipe Bayar ": "Cash",
      "Jumlah Bayar ": 335000.0,
      "Leasing": null,
      "STATUS SETORAN": "DONE",
      "KETERANGAN": "POTONG GAJI"
    },
    {
      "Faktur": 2302000019.0,
      "Tanggal": "2023-02-12T00:00:00",
      "Nama Barang": "MP PROTECT 3 BULAN",
      "Imei": "MLP100406",
      "Warna": null,
      "Sat": "PCS",
      "Qty": 1.0,
      "Penjualan": 200000.0,
      "Id Pelanggan": "20739170701310",
      "Pelanggan": "SETIAWAN SUYANTO",
      "Staff": "RAHMAWATI OKTAVIANI",
      "Merchant": "MILA MEDIA",
      "Tipe Bayar ": "Piutang",
      "Jumlah Bayar ": 1749000.0,
      "Leasing": "AKULAKU",
      "STATUS SETORAN": null,
      "KETERANGAN": null
    },

    {
      "Faktur": 2302000020.0,
      "Tanggal": "2023-02-15T00:00:00",
      "Nama Barang": "REALME C33 3/32GB",
      "Imei": "864184065391291",
      "Warna": null,
      "Sat": "UNI",
      "Qty": 1.0,
      "Penjualan": 1599000.0,
      "Id Pelanggan": "6-02329225-9",
      "Pelanggan": "SITI PATIMAH",
      "Staff": "IQBAL DWI SEPTIAN",
      "Merchant": "POLO",
      "Tipe Bayar ": "Piutang",
      "Jumlah Bayar ": 1799000.0,
      "Leasing": "AEON",
      "STATUS SETORAN": "-",
      "KETERANGAN": "-"
    },

    {
      "Faktur": 2302000021.0,
      "Tanggal": "2023-02-15T00:00:00",
      "Nama Barang": "OPPO A77S 8/128GB",
      "Imei": "864997067663577",
      "Warna": null,
      "Sat": "UNI",
      "Qty": 1.0,
      "Penjualan": 3499000.0,
      "Id Pelanggan": "6292173",
      "Pelanggan": "JEREMI RANGGA SIAGIAN",
      "Staff": "RAHMAWATI OKTAVIANI",
      "Merchant": "BARCODE SELLER",
      "Tipe Bayar ": "Piutang",
      "Jumlah Bayar ": 3999000.0,
      "Leasing": "KREDIVO",
      "STATUS SETORAN": "-",
      "KETERANGAN": "-"
    },

    {
      "Faktur": 2302000022.0,
      "Tanggal": "2023-02-15T00:00:00",
      "Nama Barang": "REALME C30S 3/32GB",
      "Imei": "860615060712837",
      "Warna": null,
      "Sat": "UNI",
      "Qty": 1.0,
      "Penjualan": 1399000.0,
      "Id Pelanggan": "CASH YANT",
      "Pelanggan": "YANTI",
      "Staff": "RAHMAWATI OKTAVIANI",
      "Merchant": null,
      "Tipe Bayar ": "Cash",
      "Jumlah Bayar ": 1399000.0,
      "Leasing": null,
      "STATUS SETORAN": "DONE",
      "KETERANGAN": "TRANSFER PT"
    },
    {
      "Faktur": 2302000023.0,
      "Tanggal": "2023-02-16T00:00:00",
      "Nama Barang": "REALME 10 8/128GB",
      "Imei": "862317062512350",
      "Warna": null,
      "Sat": "UNI",
      "Qty": 1.0,
      "Penjualan": 3199000.0,
      "Id Pelanggan": "4300290223",
      "Pelanggan": "SISWANTO",
      "Staff": "IQBAL DWI SEPTIAN",
      "Merchant": "POLO",
      "Tipe Bayar ": "Piutang",
      "Jumlah Bayar ": 6398000.0,
      "Leasing": "HOME CREDIT INDONESIA (HCI)",
      "STATUS SETORAN": "-",
      "KETERANGAN": "-"
    },

    {
      "Faktur": 2302000024.0,
      "Tanggal": "2023-02-19T00:00:00",
      "Nama Barang": "XIAOMI Redmi 10 6/128GB",
      "Imei": "868450059154920",
      "Warna": null,
      "Sat": "UNI",
      "Qty": 1.0,
      "Penjualan": 2499000.0,
      "Id Pelanggan": "4300308926",
      "Pelanggan": "NURMANSYAH",
      "Staff": "IQBAL DWI SEPTIAN",
      "Merchant": "POLO",
      "Tipe Bayar ": "Piutang",
      "Jumlah Bayar ": 5898000.0,
      "Leasing": "HOME CREDIT INDONESIA (HCI)",
      "STATUS SETORAN": "-",
      "KETERANGAN": "-"
    },

    {
      "Faktur": 2302000025.0,
      "Tanggal": "2023-02-19T00:00:00",
      "Nama Barang": "REXI HEANDSFREE ES01",
      "Imei": "MLP100164",
      "Warna": "-",
      "Sat": "PCS",
      "Qty": 1.0,
      "Penjualan": 15000.0,
      "Id Pelanggan": "6795247",
      "Pelanggan": "EVA RANI",
      "Staff": "RAHMAWATI OKTAVIANI",
      "Merchant": "BARCODE SELLER",
      "Tipe Bayar ": "Piutang",
      "Jumlah Bayar ": 1414000.0,
      "Leasing": "KREDIVO",
      "STATUS SETORAN": "-",
      "KETERANGAN": "-"
    },

    {
      "Faktur": 2302000026.0,
      "Tanggal": "2023-02-20T00:00:00",
      "Nama Barang": "MOTOR LISTRILK U-WINFLY DF7",
      "Imei": "MLP100478",
      "Warna": null,
      "Sat": "UNI",
      "Qty": 1.0,
      "Penjualan": 4799000.0,
      "Id Pelanggan": "6869594",
      "Pelanggan": "rio gatot handoko",
      "Staff": "RAHMAWATI OKTAVIANI",
      "Merchant": "BARCODE SELLER",
      "Tipe Bayar ": "Piutang",
      "Jumlah Bayar ": 5199000.0,
      "Leasing": "KREDIVO",
      "STATUS SETORAN": "-",
      "KETERANGAN": "-"
    },

    {
      "Faktur": 2302000027.0,
      "Tanggal": "2023-02-20T00:00:00",
      "Nama Barang": "OPPO A55 4/64GB",
      "Imei": "862550050997676",
      "Warna": null,
      "Sat": "UNI",
      "Qty": 1.0,
      "Penjualan": 2499000.0,
      "Id Pelanggan": "9660114681",
      "Pelanggan": "SITI UMROH",
      "Staff": "IQBAL DWI SEPTIAN",
      "Merchant": "BARCODE SELLER",
      "Tipe Bayar ": "Piutang",
      "Jumlah Bayar ": 2899000.0,
      "Leasing": "AKULAKU",
      "STATUS SETORAN": "-",
      "KETERANGAN": "-"
    },

    {
      "Faktur": 2302000030.0,
      "Tanggal": "2023-02-21T00:00:00",
      "Nama Barang": "OPPO A57 4/64GB",
      "Imei": "860625067698954",
      "Warna": null,
      "Sat": "UNI",
      "Qty": 1.0,
      "Penjualan": 2399000.0,
      "Id Pelanggan": "9660111344",
      "Pelanggan": "NOFIANDI",
      "Staff": "RAHMAWATI OKTAVIANI",
      "Merchant": "BARCODE SELLER",
      "Tipe Bayar ": "Cash",
      "Jumlah Bayar ": 100000.0,
      "Leasing": null,
      "STATUS SETORAN": "DONE",
      "KETERANGAN": "SETOR KE BABEH"
    },

    {
      "Faktur": 2302000033.0,
      "Tanggal": "2023-02-22T00:00:00",
      "Nama Barang": "MOTOR LISTRILK U-WINFLY DF7",
      "Imei": "MLP100478",
      "Warna": null,
      "Sat": "UNI",
      "Qty": 1.0,
      "Penjualan": 4799000.0,
      "Id Pelanggan": "15723004329",
      "Pelanggan": "EDDI SETIADI",
      "Staff": "RAHMAWATI OKTAVIANI",
      "Merchant": "POLO",
      "Tipe Bayar ": "Piutang",
      "Jumlah Bayar ": 4999000.0,
      "Leasing": "SPEKTRA",
      "STATUS SETORAN": "-",
      "KETERANGAN": "-"
    },

    {
      "Faktur": 2302000034.0,
      "Tanggal": "2023-02-22T00:00:00",
      "Nama Barang": "OPPO A77S 8/128GB",
      "Imei": "864997067989493",
      "Warna": null,
      "Sat": "UNI",
      "Qty": 1.0,
      "Penjualan": 3499000.0,
      "Id Pelanggan": "9660117703",
      "Pelanggan": "MUNIKA",
      "Staff": "RAHMAWATI OKTAVIANI",
      "Merchant": "BARCODE SELLER",
      "Tipe Bayar ": "Piutang",
      "Jumlah Bayar ": 2499000.0,
      "Leasing": "AKULAKU",
      "STATUS SETORAN": "-",
      "KETERANGAN": "-"
    },

    {
      "Faktur": 2302000035.0,
      "Tanggal": "2023-02-23T00:00:00",
      "Nama Barang": "SAMSUNG A23 5G 6/128GB",
      "Imei": "351004001264800",
      "Warna": null,
      "Sat": "UNI",
      "Qty": 1.0,
      "Penjualan": 3799000.0,
      "Id Pelanggan": "MEMBER RIDWAN",
      "Pelanggan": "RIDWAN",
      "Staff": "IQBAL DWI SEPTIAN",
      "Merchant": null,
      "Tipe Bayar ": "Cash",
      "Jumlah Bayar ": 3799000.0,
      "Leasing": null,
      "STATUS SETORAN": "DONE",
      "KETERANGAN": "TRANSFER PT"
    },
    {
      "Faktur": 2302000036.0,
      "Tanggal": "2023-02-26T00:00:00",
      "Nama Barang": "REALME 10 PRO 8/128GB",
      "Imei": "863397060319171",
      "Warna": null,
      "Sat": "UNI",
      "Qty": 1.0,
      "Penjualan": 4399000.0,
      "Id Pelanggan": "MEMBER ACIH",
      "Pelanggan": "ACIH SUHARTINI",
      "Staff": "RAHMAWATI OKTAVIANI",
      "Merchant": null,
      "Tipe Bayar ": "Cash",
      "Jumlah Bayar ": 4399000.0,
      "Leasing": null,
      "STATUS SETORAN": "DONE",
      "KETERANGAN": "TRANSFER PT"
    },
    {
      "Faktur": 2302000037.0,
      "Tanggal": "2023-02-26T00:00:00",
      "Nama Barang": "VIVO Y02 3/32GB",
      "Imei": "861751063577338",
      "Warna": null,
      "Sat": "UNI",
      "Qty": 1.0,
      "Penjualan": 1499000.0,
      "Id Pelanggan": "CASH RIFALDO",
      "Pelanggan": "RIFALDO",
      "Staff": "IQBAL DWI SEPTIAN",
      "Merchant": null,
      "Tipe Bayar ": "Cash",
      "Jumlah Bayar ": 1499000.0,
      "Leasing": null,
      "STATUS SETORAN": "DONE",
      "KETERANGAN": "TRANSFER PT"
    },
    {
      "Faktur": 2302000038.0,
      "Tanggal": "2023-02-26T00:00:00",
      "Nama Barang": "MP PROTECT 3 BULAN",
      "Imei": "MLP100406",
      "Warna": null,
      "Sat": "PCS",
      "Qty": 1.0,
      "Penjualan": 200000.0,
      "Id Pelanggan": "7384305",
      "Pelanggan": "FAJAR NUR ARIFIN",
      "Staff": "IQBAL DWI SEPTIAN",
      "Merchant": "BARCODE SELLER",
      "Tipe Bayar ": "Piutang",
      "Jumlah Bayar ": 5099000.0,
      "Leasing": "KREDIVO",
      "STATUS SETORAN": null,
      "KETERANGAN": null
    },

    {
      "Faktur": 2302000039.0,
      "Tanggal": "2023-02-26T00:00:00",
      "Nama Barang": "OPPO A96 8/256GB",
      "Imei": "867583055971011",
      "Warna": null,
      "Sat": "UNI",
      "Qty": 1.0,
      "Penjualan": 3999000.0,
      "Id Pelanggan": "CASH NOVIA R",
      "Pelanggan": "NOVIA RAMANATUL",
      "Staff": "RAHMAWATI OKTAVIANI",
      "Merchant": null,
      "Tipe Bayar ": "Cash",
      "Jumlah Bayar ": 3999000.0,
      "Leasing": null,
      "STATUS SETORAN": "DONE",
      "KETERANGAN": "TRANSFER PT"
    },
    {
      "Faktur": 2302000040.0,
      "Tanggal": "2023-02-28T00:00:00",
      "Nama Barang": "OASE TYPE C M-G2C",
      "Imei": "MLP100127",
      "Warna": "-",
      "Sat": "PCS",
      "Qty": 1.0,
      "Penjualan": 20000.0,
      "Id Pelanggan": "cash juliana",
      "Pelanggan": "juliana",
      "Staff": "IQBAL DWI SEPTIAN",
      "Merchant": null,
      "Tipe Bayar ": "Cash",
      "Jumlah Bayar ": 170000.0,
      "Leasing": null,
      "STATUS SETORAN": "DONE",
      "KETERANGAN": "TRANSFER PT"
    },

    {
      "Faktur": 2302000041.0,
      "Tanggal": "2023-02-28T00:00:00",
      "Nama Barang": "VIVO Y22 4/64GB",
      "Imei": "865984063820574",
      "Warna": null,
      "Sat": "UNI",
      "Qty": 1.0,
      "Penjualan": 2399000.0,
      "Id Pelanggan": "7590997",
      "Pelanggan": "RISA BELLA",
      "Staff": "IQBAL DWI SEPTIAN",
      "Merchant": "BARCODE SELLER",
      "Tipe Bayar ": "Piutang",
      "Jumlah Bayar ": 2799000.0,
      "Leasing": "KREDIVO",
      "STATUS SETORAN": "-",
      "KETERANGAN": "-"
    },

    {
      "Faktur": 2302000042.0,
      "Tanggal": "2023-02-28T00:00:00",
      "Nama Barang": "VIVO Y02 3/32GB",
      "Imei": "861751063295832",
      "Warna": null,
      "Sat": "UNI",
      "Qty": 1.0,
      "Penjualan": 1499000.0,
      "Id Pelanggan": "7392855",
      "Pelanggan": "SUPRIYATI",
      "Staff": "RAHMAWATI OKTAVIANI",
      "Merchant": "BARCODE SELLER",
      "Tipe Bayar ": "Piutang",
      "Jumlah Bayar ": 943000.0,
      "Leasing": "KREDIVO",
      "STATUS SETORAN": "-",
      "KETERANGAN": "-"
    },

    {
      "Faktur": 2302000043.0,
      "Tanggal": "2023-02-28T00:00:00",
      "Nama Barang": "VIVO Y16 4/32GB",
      "Imei": "860033066628959",
      "Warna": null,
      "Sat": "UNI",
      "Qty": 1.0,
      "Penjualan": 1899000.0,
      "Id Pelanggan": "7506622",
      "Pelanggan": "HAMZAH",
      "Staff": "RAHMAWATI OKTAVIANI",
      "Merchant": "BARCODE SELLER",
      "Tipe Bayar ": "Piutang",
      "Jumlah Bayar ": 2299000.0,
      "Leasing": "KREDIVO",
      "STATUS SETORAN": "-",
      "KETERANGAN": "-"
    }
  ],
  "BLM SETOR": []
}
